2025-11-23T22:43:47.727299Z  INFO tailwindcss_oxide::scanner: Provided sources:
2025-11-23T22:43:47.760615Z  INFO tailwindcss_oxide::scanner: Source: PublicSourceEntry { base: "G:\\GitHub\\lotes-en-taganga", pattern: "**/*", negated: false }
2025-11-23T22:43:47.796289Z  INFO tailwindcss_oxide::scanner: Optimized sources:
2025-11-23T22:43:47.796313Z  INFO tailwindcss_oxide::scanner: Source: Auto { base: "G:\\GitHub\\lotes-en-taganga" }
2025-11-23T22:43:47.900403Z  INFO scan_sources: tailwindcss_oxide::scanner: enter
2025-11-23T22:43:47.964749Z  INFO scan_sources: tailwindcss_oxide::scanner: Discovering "G:\\GitHub\\lotes-en-taganga\\app"
2025-11-23T22:43:47.964976Z  INFO scan_sources: tailwindcss_oxide::scanner: Discovering "G:\\GitHub\\lotes-en-taganga\\app\\components"
2025-11-23T22:43:47.965974Z  INFO scan_sources: tailwindcss_oxide::scanner: Discovering "G:\\GitHub\\lotes-en-taganga\\app\\components\\Beneficits.tsx"
2025-11-23T22:43:47.966071Z  INFO scan_sources: tailwindcss_oxide::scanner: Discovering "G:\\GitHub\\lotes-en-taganga\\app\\components\\Gallery.tsx"
2025-11-23T22:43:47.966143Z  INFO scan_sources: tailwindcss_oxide::scanner: Discovering "G:\\GitHub\\lotes-en-taganga\\app\\components\\Header.tsx"
2025-11-23T22:43:47.966212Z  INFO scan_sources: tailwindcss_oxide::scanner: Discovering "G:\\GitHub\\lotes-en-taganga\\app\\components\\Hero.tsx"
2025-11-23T22:43:47.966283Z  INFO scan_sources: tailwindcss_oxide::scanner: Discovering "G:\\GitHub\\lotes-en-taganga\\app\\components\\Location.tsx"
2025-11-23T22:43:47.966353Z  INFO scan_sources: tailwindcss_oxide::scanner: Discovering "G:\\GitHub\\lotes-en-taganga\\app\\components\\PriceTable.tsx"
2025-11-23T22:43:47.966421Z  INFO scan_sources: tailwindcss_oxide::scanner: Discovering "G:\\GitHub\\lotes-en-taganga\\app\\components\\Testimonials.tsx"
2025-11-23T22:43:47.966494Z  INFO scan_sources: tailwindcss_oxide::scanner: Discovering "G:\\GitHub\\lotes-en-taganga\\app\\components\\UseCase.tsx"
2025-11-23T22:43:47.966563Z  INFO scan_sources: tailwindcss_oxide::scanner: Discovering "G:\\GitHub\\lotes-en-taganga\\app\\components\\Wsbtn.tsx"
2025-11-23T22:43:47.966654Z  INFO scan_sources: tailwindcss_oxide::scanner: Discovering "G:\\GitHub\\lotes-en-taganga\\app\\globals.css"
2025-11-23T22:43:47.966722Z  INFO scan_sources: tailwindcss_oxide::scanner: Discovering "G:\\GitHub\\lotes-en-taganga\\app\\layout.tsx"
2025-11-23T22:43:47.966800Z  INFO scan_sources: tailwindcss_oxide::scanner: Discovering "G:\\GitHub\\lotes-en-taganga\\app\\page.tsx"
2025-11-23T22:43:47.966897Z  INFO scan_sources: tailwindcss_oxide::scanner: Discovering "G:\\GitHub\\lotes-en-taganga\\eslint.config.mjs"
2025-11-23T22:43:47.966971Z  INFO scan_sources: tailwindcss_oxide::scanner: Discovering "G:\\GitHub\\lotes-en-taganga\\next.config.ts"
2025-11-23T22:43:47.967186Z  INFO scan_sources: tailwindcss_oxide::scanner: Discovering "G:\\GitHub\\lotes-en-taganga\\package.json"
2025-11-23T22:43:47.967255Z  INFO scan_sources: tailwindcss_oxide::scanner: Discovering "G:\\GitHub\\lotes-en-taganga\\postcss.config.mjs"
2025-11-23T22:43:47.967350Z  INFO scan_sources: tailwindcss_oxide::scanner: Discovering "G:\\GitHub\\lotes-en-taganga\\public"
2025-11-23T22:43:47.967513Z  INFO scan_sources: tailwindcss_oxide::scanner: Discovering "G:\\GitHub\\lotes-en-taganga\\public\\file.svg"
2025-11-23T22:43:47.967594Z  INFO scan_sources: tailwindcss_oxide::scanner: Discovering "G:\\GitHub\\lotes-en-taganga\\public\\globe.svg"
2025-11-23T22:43:47.967695Z  INFO scan_sources: tailwindcss_oxide::scanner: Discovering "G:\\GitHub\\lotes-en-taganga\\public\\img"
2025-11-23T22:43:47.967946Z  INFO scan_sources: tailwindcss_oxide::scanner: Discovering "G:\\GitHub\\lotes-en-taganga\\public\\next.svg"
2025-11-23T22:43:47.968027Z  INFO scan_sources: tailwindcss_oxide::scanner: Discovering "G:\\GitHub\\lotes-en-taganga\\public\\vercel.svg"
2025-11-23T22:43:47.968104Z  INFO scan_sources: tailwindcss_oxide::scanner: Discovering "G:\\GitHub\\lotes-en-taganga\\public\\window.svg"
2025-11-23T22:43:47.968189Z  INFO scan_sources: tailwindcss_oxide::scanner: Discovering "G:\\GitHub\\lotes-en-taganga\\README.md"
2025-11-23T22:43:47.968307Z  INFO scan_sources: tailwindcss_oxide::scanner: Discovering "G:\\GitHub\\lotes-en-taganga\\tsconfig.json"
2025-11-23T22:43:47.968397Z  INFO scan_sources: tailwindcss_oxide::scanner: exit
2025-11-23T22:43:47.968408Z  INFO extract_candidates: tailwindcss_oxide::scanner: enter
2025-11-23T22:43:47.968415Z  INFO extract_candidates:read_all_files: tailwindcss_oxide::scanner: enter
2025-11-23T22:43:47.968418Z  INFO extract_candidates:read_all_files: tailwindcss_oxide::scanner: Reading 22 file(s)
2025-11-23T22:43:47.983533Z  INFO tailwindcss_oxide::scanner: Reading "G:\\GitHub\\lotes-en-taganga\\app\\components\\Gallery.tsx"
2025-11-23T22:43:47.983567Z  INFO tailwindcss_oxide::scanner: Reading "G:\\GitHub\\lotes-en-taganga\\app\\components\\PriceTable.tsx"
2025-11-23T22:43:47.983578Z  INFO tailwindcss_oxide::scanner: Reading "G:\\GitHub\\lotes-en-taganga\\eslint.config.mjs"
2025-11-23T22:43:47.983592Z  INFO tailwindcss_oxide::scanner: Reading "G:\\GitHub\\lotes-en-taganga\\app\\components\\Header.tsx"
2025-11-23T22:43:47.983581Z  INFO tailwindcss_oxide::scanner: Reading "G:\\GitHub\\lotes-en-taganga\\app\\components\\Beneficits.tsx"
2025-11-23T22:43:47.983584Z  INFO tailwindcss_oxide::scanner: Reading "G:\\GitHub\\lotes-en-taganga\\app\\components\\Wsbtn.tsx"
2025-11-23T22:43:47.983549Z  INFO tailwindcss_oxide::scanner: Reading "G:\\GitHub\\lotes-en-taganga\\package.json"
2025-11-23T22:43:47.983666Z  INFO tailwindcss_oxide::scanner: Reading "G:\\GitHub\\lotes-en-taganga\\public\\window.svg"
2025-11-23T22:43:47.983554Z  INFO tailwindcss_oxide::scanner: Reading "G:\\GitHub\\lotes-en-taganga\\next.config.ts"
2025-11-23T22:43:47.983615Z  INFO tailwindcss_oxide::scanner: Reading "G:\\GitHub\\lotes-en-taganga\\app\\layout.tsx"
2025-11-23T22:43:47.983701Z  INFO tailwindcss_oxide::scanner: Reading "G:\\GitHub\\lotes-en-taganga\\public\\vercel.svg"
2025-11-23T22:43:47.983724Z  INFO tailwindcss_oxide::scanner: Reading "G:\\GitHub\\lotes-en-taganga\\app\\page.tsx"
2025-11-23T22:43:47.983734Z  INFO tailwindcss_oxide::scanner: Reading "G:\\GitHub\\lotes-en-taganga\\tsconfig.json"
2025-11-23T22:43:47.983719Z  INFO tailwindcss_oxide::scanner: Reading "G:\\GitHub\\lotes-en-taganga\\README.md"
2025-11-23T22:43:47.983725Z  INFO tailwindcss_oxide::scanner: Reading "G:\\GitHub\\lotes-en-taganga\\postcss.config.mjs"
2025-11-23T22:43:47.983744Z  INFO tailwindcss_oxide::scanner: Reading "G:\\GitHub\\lotes-en-taganga\\app\\components\\Hero.tsx"
2025-11-23T22:43:47.983747Z  INFO tailwindcss_oxide::scanner: Reading "G:\\GitHub\\lotes-en-taganga\\app\\components\\Testimonials.tsx"
2025-11-23T22:43:47.983774Z  INFO tailwindcss_oxide::scanner: Reading "G:\\GitHub\\lotes-en-taganga\\app\\components\\Location.tsx"
2025-11-23T22:43:47.984053Z  INFO tailwindcss_oxide::scanner: Reading "G:\\GitHub\\lotes-en-taganga\\app\\components\\UseCase.tsx"
2025-11-23T22:43:47.984075Z  INFO tailwindcss_oxide::scanner: Reading "G:\\GitHub\\lotes-en-taganga\\public\\file.svg"
2025-11-23T22:43:48.006743Z  INFO tailwindcss_oxide::scanner: Reading "G:\\GitHub\\lotes-en-taganga\\public\\next.svg"
2025-11-23T22:43:48.099600Z  INFO tailwindcss_oxide::scanner: Reading "G:\\GitHub\\lotes-en-taganga\\public\\globe.svg"
2025-11-23T22:43:48.099755Z  INFO extract_candidates:read_all_files: tailwindcss_oxide::scanner: exit
2025-11-23T22:43:48.099778Z  INFO extract_candidates:parse_all_blobs: tailwindcss_oxide::scanner: enter
2025-11-23T22:43:48.099785Z  INFO extract_candidates:parse_all_blobs:extract: tailwindcss_oxide::scanner: enter
2025-11-23T22:43:48.213935Z  INFO extract_candidates:parse_all_blobs:extract: tailwindcss_oxide::scanner: exit
2025-11-23T22:43:48.213974Z  INFO extract_candidates:parse_all_blobs: tailwindcss_oxide::scanner: exit
2025-11-23T22:43:48.213982Z  INFO extract_candidates:read_all_files: tailwindcss_oxide::scanner: enter
2025-11-23T22:43:48.213987Z  INFO extract_candidates:read_all_files: tailwindcss_oxide::scanner: Reading 1 file(s)
2025-11-23T22:43:48.214153Z  INFO extract_candidates:read_all_files: tailwindcss_oxide::scanner: Reading "G:\\GitHub\\lotes-en-taganga\\app\\globals.css"
2025-11-23T22:43:48.214214Z  INFO extract_candidates:read_all_files: tailwindcss_oxide::scanner: exit
2025-11-23T22:43:48.214226Z  INFO extract_candidates:extract_css_variables: tailwindcss_oxide::scanner: enter
2025-11-23T22:43:48.214231Z  INFO extract_candidates:extract_css_variables:extract: tailwindcss_oxide::scanner: enter
2025-11-23T22:43:48.214448Z  INFO extract_candidates:extract_css_variables:extract: tailwindcss_oxide::scanner: exit
2025-11-23T22:43:48.214463Z  INFO extract_candidates:extract_css_variables: tailwindcss_oxide::scanner: exit
2025-11-23T22:43:48.214871Z  INFO extract_candidates: tailwindcss_oxide::scanner: exit
2025-11-23T22:43:48.369114Z  INFO get_files: tailwindcss_oxide::scanner: enter
2025-11-23T22:43:48.369149Z  INFO get_files:scan_sources: tailwindcss_oxide::scanner: enter
2025-11-23T22:43:48.370495Z  INFO get_files:scan_sources: tailwindcss_oxide::scanner: Discovering "G:\\GitHub\\lotes-en-taganga\\app"
2025-11-23T22:43:48.370670Z  INFO get_files:scan_sources: tailwindcss_oxide::scanner: Discovering "G:\\GitHub\\lotes-en-taganga\\app\\components"
2025-11-23T22:43:48.371603Z  INFO get_files:scan_sources: tailwindcss_oxide::scanner: Discovering "G:\\GitHub\\lotes-en-taganga\\public"
2025-11-23T22:43:48.371836Z  INFO get_files:scan_sources: tailwindcss_oxide::scanner: Discovering "G:\\GitHub\\lotes-en-taganga\\public\\img"
2025-11-23T22:43:48.372289Z  INFO get_files:scan_sources: tailwindcss_oxide::scanner: exit
2025-11-23T22:43:48.372485Z  INFO get_files: tailwindcss_oxide::scanner: exit
2025-11-23T22:43:48.372582Z  INFO get_globs: tailwindcss_oxide::scanner: enter
2025-11-23T22:43:48.372588Z  INFO get_globs:scan_sources: tailwindcss_oxide::scanner: enter
2025-11-23T22:43:48.373597Z  INFO get_globs:scan_sources: tailwindcss_oxide::scanner: Discovering "G:\\GitHub\\lotes-en-taganga\\app"
2025-11-23T22:43:48.373757Z  INFO get_globs:scan_sources: tailwindcss_oxide::scanner: Discovering "G:\\GitHub\\lotes-en-taganga\\app\\components"
2025-11-23T22:43:48.374553Z  INFO get_globs:scan_sources: tailwindcss_oxide::scanner: Discovering "G:\\GitHub\\lotes-en-taganga\\public"
2025-11-23T22:43:48.374764Z  INFO get_globs:scan_sources: tailwindcss_oxide::scanner: Discovering "G:\\GitHub\\lotes-en-taganga\\public\\img"
2025-11-23T22:43:48.375169Z  INFO get_globs:scan_sources: tailwindcss_oxide::scanner: exit
2025-11-23T22:43:48.378282Z  INFO get_globs: tailwindcss_oxide::scanner: exit
2025-11-24T03:35:20.058864Z  INFO scan_sources: tailwindcss_oxide::scanner: enter
2025-11-24T03:35:20.826156Z  INFO scan_sources: tailwindcss_oxide::scanner: Discovering "G:\\GitHub\\lotes-en-taganga\\app"
2025-11-24T03:35:20.826390Z  INFO scan_sources: tailwindcss_oxide::scanner: Discovering "G:\\GitHub\\lotes-en-taganga\\app\\components"
2025-11-24T03:35:20.851003Z  INFO scan_sources: tailwindcss_oxide::scanner: Discovering "G:\\GitHub\\lotes-en-taganga\\app\\components\\Gallery.tsx"
2025-11-24T03:35:21.201863Z  INFO scan_sources: tailwindcss_oxide::scanner: Discovering "G:\\GitHub\\lotes-en-taganga\\public"
2025-11-24T03:35:21.202222Z  INFO scan_sources: tailwindcss_oxide::scanner: Discovering "G:\\GitHub\\lotes-en-taganga\\public\\images"
2025-11-24T03:35:21.239800Z  INFO scan_sources: tailwindcss_oxide::scanner: exit
2025-11-24T03:35:21.239847Z  INFO extract_candidates: tailwindcss_oxide::scanner: enter
2025-11-24T03:35:21.239859Z  INFO extract_candidates:read_all_files: tailwindcss_oxide::scanner: enter
2025-11-24T03:35:21.239863Z  INFO extract_candidates:read_all_files: tailwindcss_oxide::scanner: Reading 1 file(s)
2025-11-24T03:35:21.272140Z  INFO extract_candidates:read_all_files: tailwindcss_oxide::scanner: Reading "G:\\GitHub\\lotes-en-taganga\\app\\components\\Gallery.tsx"
2025-11-24T03:35:21.295094Z  INFO extract_candidates:read_all_files: tailwindcss_oxide::scanner: exit
2025-11-24T03:35:21.295115Z  INFO extract_candidates:parse_all_blobs: tailwindcss_oxide::scanner: enter
2025-11-24T03:35:21.295121Z  INFO extract_candidates:parse_all_blobs:extract: tailwindcss_oxide::scanner: enter
2025-11-24T03:35:21.375420Z  INFO extract_candidates:parse_all_blobs:extract: tailwindcss_oxide::scanner: exit
2025-11-24T03:35:21.375458Z  INFO extract_candidates:parse_all_blobs: tailwindcss_oxide::scanner: exit
2025-11-24T03:35:21.375568Z  INFO extract_candidates: tailwindcss_oxide::scanner: exit
2025-11-24T03:35:21.475001Z  INFO get_files: tailwindcss_oxide::scanner: enter
2025-11-24T03:35:21.475038Z  INFO get_files:scan_sources: tailwindcss_oxide::scanner: enter
2025-11-24T03:35:21.477000Z  INFO get_files:scan_sources: tailwindcss_oxide::scanner: Discovering "G:\\GitHub\\lotes-en-taganga\\app"
2025-11-24T03:35:21.477162Z  INFO get_files:scan_sources: tailwindcss_oxide::scanner: Discovering "G:\\GitHub\\lotes-en-taganga\\app\\components"
2025-11-24T03:35:21.478012Z  INFO get_files:scan_sources: tailwindcss_oxide::scanner: Discovering "G:\\GitHub\\lotes-en-taganga\\public"
2025-11-24T03:35:21.478231Z  INFO get_files:scan_sources: tailwindcss_oxide::scanner: Discovering "G:\\GitHub\\lotes-en-taganga\\public\\images"
2025-11-24T03:35:21.478610Z  INFO get_files:scan_sources: tailwindcss_oxide::scanner: exit
2025-11-24T03:35:21.479165Z  INFO get_files: tailwindcss_oxide::scanner: exit
2025-11-24T03:35:21.479302Z  INFO get_globs: tailwindcss_oxide::scanner: enter
2025-11-24T03:35:21.479312Z  INFO get_globs: tailwindcss_oxide::scanner: exit
2025-11-24T03:35:24.422345Z  INFO scan_sources: tailwindcss_oxide::scanner: enter
2025-11-24T03:35:24.423700Z  INFO scan_sources: tailwindcss_oxide::scanner: Discovering "G:\\GitHub\\lotes-en-taganga\\app"
2025-11-24T03:35:24.423922Z  INFO scan_sources: tailwindcss_oxide::scanner: Discovering "G:\\GitHub\\lotes-en-taganga\\app\\components"
2025-11-24T03:35:24.424134Z  INFO scan_sources: tailwindcss_oxide::scanner: Discovering "G:\\GitHub\\lotes-en-taganga\\app\\components\\Gallery.tsx"
2025-11-24T03:35:24.424933Z  INFO scan_sources: tailwindcss_oxide::scanner: Discovering "G:\\GitHub\\lotes-en-taganga\\public"
2025-11-24T03:35:24.425159Z  INFO scan_sources: tailwindcss_oxide::scanner: Discovering "G:\\GitHub\\lotes-en-taganga\\public\\images"
2025-11-24T03:35:24.425550Z  INFO scan_sources: tailwindcss_oxide::scanner: exit
2025-11-24T03:35:24.425559Z  INFO extract_candidates: tailwindcss_oxide::scanner: enter
2025-11-24T03:35:24.425564Z  INFO extract_candidates:read_all_files: tailwindcss_oxide::scanner: enter
2025-11-24T03:35:24.425568Z  INFO extract_candidates:read_all_files: tailwindcss_oxide::scanner: Reading 1 file(s)
2025-11-24T03:35:24.425631Z  INFO extract_candidates:read_all_files: tailwindcss_oxide::scanner: Reading "G:\\GitHub\\lotes-en-taganga\\app\\components\\Gallery.tsx"
2025-11-24T03:35:24.425641Z  INFO extract_candidates:read_all_files: tailwindcss_oxide::scanner: exit
2025-11-24T03:35:24.425645Z  INFO extract_candidates:parse_all_blobs: tailwindcss_oxide::scanner: enter
2025-11-24T03:35:24.425648Z  INFO extract_candidates:parse_all_blobs:extract: tailwindcss_oxide::scanner: enter
2025-11-24T03:35:24.425803Z  INFO extract_candidates:parse_all_blobs:extract: tailwindcss_oxide::scanner: exit
2025-11-24T03:35:24.425813Z  INFO extract_candidates:parse_all_blobs: tailwindcss_oxide::scanner: exit
2025-11-24T03:35:24.425908Z  INFO extract_candidates: tailwindcss_oxide::scanner: exit
2025-11-24T03:35:24.426080Z  INFO get_files: tailwindcss_oxide::scanner: enter
2025-11-24T03:35:24.426088Z  INFO get_files:scan_sources: tailwindcss_oxide::scanner: enter
2025-11-24T03:35:24.427264Z  INFO get_files:scan_sources: tailwindcss_oxide::scanner: Discovering "G:\\GitHub\\lotes-en-taganga\\app"
2025-11-24T03:35:24.427423Z  INFO get_files:scan_sources: tailwindcss_oxide::scanner: Discovering "G:\\GitHub\\lotes-en-taganga\\app\\components"
2025-11-24T03:35:24.428225Z  INFO get_files:scan_sources: tailwindcss_oxide::scanner: Discovering "G:\\GitHub\\lotes-en-taganga\\public"
2025-11-24T03:35:24.428440Z  INFO get_files:scan_sources: tailwindcss_oxide::scanner: Discovering "G:\\GitHub\\lotes-en-taganga\\public\\images"
2025-11-24T03:35:24.445451Z  INFO get_files:scan_sources: tailwindcss_oxide::scanner: exit
2025-11-24T03:35:24.445997Z  INFO get_files: tailwindcss_oxide::scanner: exit
2025-11-24T03:35:24.446075Z  INFO get_globs: tailwindcss_oxide::scanner: enter
2025-11-24T03:35:24.446082Z  INFO get_globs: tailwindcss_oxide::scanner: exit
2025-11-24T03:35:44.413510Z  INFO scan_sources: tailwindcss_oxide::scanner: enter
2025-11-24T03:35:44.414975Z  INFO scan_sources: tailwindcss_oxide::scanner: Discovering "G:\\GitHub\\lotes-en-taganga\\app"
2025-11-24T03:35:44.415146Z  INFO scan_sources: tailwindcss_oxide::scanner: Discovering "G:\\GitHub\\lotes-en-taganga\\app\\components"
2025-11-24T03:35:44.415322Z  INFO scan_sources: tailwindcss_oxide::scanner: Discovering "G:\\GitHub\\lotes-en-taganga\\app\\components\\Gallery.tsx"
2025-11-24T03:35:44.416118Z  INFO scan_sources: tailwindcss_oxide::scanner: Discovering "G:\\GitHub\\lotes-en-taganga\\public"
2025-11-24T03:35:44.416355Z  INFO scan_sources: tailwindcss_oxide::scanner: Discovering "G:\\GitHub\\lotes-en-taganga\\public\\images"
2025-11-24T03:35:44.416749Z  INFO scan_sources: tailwindcss_oxide::scanner: exit
2025-11-24T03:35:44.416759Z  INFO extract_candidates: tailwindcss_oxide::scanner: enter
2025-11-24T03:35:44.416764Z  INFO extract_candidates:read_all_files: tailwindcss_oxide::scanner: enter
2025-11-24T03:35:44.416767Z  INFO extract_candidates:read_all_files: tailwindcss_oxide::scanner: Reading 1 file(s)
2025-11-24T03:35:44.416842Z  INFO extract_candidates:read_all_files: tailwindcss_oxide::scanner: Reading "G:\\GitHub\\lotes-en-taganga\\app\\components\\Gallery.tsx"
2025-11-24T03:35:44.416852Z  INFO extract_candidates:read_all_files: tailwindcss_oxide::scanner: exit
2025-11-24T03:35:44.416856Z  INFO extract_candidates:parse_all_blobs: tailwindcss_oxide::scanner: enter
2025-11-24T03:35:44.416860Z  INFO extract_candidates:parse_all_blobs:extract: tailwindcss_oxide::scanner: enter
2025-11-24T03:35:44.417070Z  INFO extract_candidates:parse_all_blobs:extract: tailwindcss_oxide::scanner: exit
2025-11-24T03:35:44.417083Z  INFO extract_candidates:parse_all_blobs: tailwindcss_oxide::scanner: exit
2025-11-24T03:35:44.417232Z  INFO extract_candidates: tailwindcss_oxide::scanner: exit
2025-11-24T03:35:44.417410Z  INFO get_files: tailwindcss_oxide::scanner: enter
2025-11-24T03:35:44.417418Z  INFO get_files:scan_sources: tailwindcss_oxide::scanner: enter
2025-11-24T03:35:44.418621Z  INFO get_files:scan_sources: tailwindcss_oxide::scanner: Discovering "G:\\GitHub\\lotes-en-taganga\\app"
2025-11-24T03:35:44.418781Z  INFO get_files:scan_sources: tailwindcss_oxide::scanner: Discovering "G:\\GitHub\\lotes-en-taganga\\app\\components"
2025-11-24T03:35:44.419675Z  INFO get_files:scan_sources: tailwindcss_oxide::scanner: Discovering "G:\\GitHub\\lotes-en-taganga\\public"
2025-11-24T03:35:44.419893Z  INFO get_files:scan_sources: tailwindcss_oxide::scanner: Discovering "G:\\GitHub\\lotes-en-taganga\\public\\images"
2025-11-24T03:35:44.420268Z  INFO get_files:scan_sources: tailwindcss_oxide::scanner: exit
2025-11-24T03:35:44.420344Z  INFO get_files: tailwindcss_oxide::scanner: exit
2025-11-24T03:35:44.420432Z  INFO get_globs: tailwindcss_oxide::scanner: enter
2025-11-24T03:35:44.420439Z  INFO get_globs: tailwindcss_oxide::scanner: exit
2025-11-24T03:36:02.964915Z  INFO scan_sources: tailwindcss_oxide::scanner: enter
2025-11-24T03:36:02.966446Z  INFO scan_sources: tailwindcss_oxide::scanner: Discovering "G:\\GitHub\\lotes-en-taganga\\app"
2025-11-24T03:36:02.966620Z  INFO scan_sources: tailwindcss_oxide::scanner: Discovering "G:\\GitHub\\lotes-en-taganga\\app\\components"
2025-11-24T03:36:02.966791Z  INFO scan_sources: tailwindcss_oxide::scanner: Discovering "G:\\GitHub\\lotes-en-taganga\\app\\components\\Gallery.tsx"
2025-11-24T03:36:02.967499Z  INFO scan_sources: tailwindcss_oxide::scanner: Discovering "G:\\GitHub\\lotes-en-taganga\\public"
2025-11-24T03:36:02.967719Z  INFO scan_sources: tailwindcss_oxide::scanner: Discovering "G:\\GitHub\\lotes-en-taganga\\public\\images"
2025-11-24T03:36:02.968098Z  INFO scan_sources: tailwindcss_oxide::scanner: exit
2025-11-24T03:36:02.968111Z  INFO extract_candidates: tailwindcss_oxide::scanner: enter
2025-11-24T03:36:02.968117Z  INFO extract_candidates:read_all_files: tailwindcss_oxide::scanner: enter
2025-11-24T03:36:02.968120Z  INFO extract_candidates:read_all_files: tailwindcss_oxide::scanner: Reading 1 file(s)
2025-11-24T03:36:02.968188Z  INFO extract_candidates:read_all_files: tailwindcss_oxide::scanner: Reading "G:\\GitHub\\lotes-en-taganga\\app\\components\\Gallery.tsx"
2025-11-24T03:36:02.968198Z  INFO extract_candidates:read_all_files: tailwindcss_oxide::scanner: exit
2025-11-24T03:36:02.968202Z  INFO extract_candidates:parse_all_blobs: tailwindcss_oxide::scanner: enter
2025-11-24T03:36:02.968205Z  INFO extract_candidates:parse_all_blobs:extract: tailwindcss_oxide::scanner: enter
2025-11-24T03:36:02.968338Z  INFO extract_candidates:parse_all_blobs:extract: tailwindcss_oxide::scanner: exit
2025-11-24T03:36:02.968350Z  INFO extract_candidates:parse_all_blobs: tailwindcss_oxide::scanner: exit
2025-11-24T03:36:02.968417Z  INFO extract_candidates: tailwindcss_oxide::scanner: exit
2025-11-24T03:36:02.968572Z  INFO get_files: tailwindcss_oxide::scanner: enter
2025-11-24T03:36:02.968579Z  INFO get_files:scan_sources: tailwindcss_oxide::scanner: enter
2025-11-24T03:36:02.969583Z  INFO get_files:scan_sources: tailwindcss_oxide::scanner: Discovering "G:\\GitHub\\lotes-en-taganga\\app"
2025-11-24T03:36:02.969740Z  INFO get_files:scan_sources: tailwindcss_oxide::scanner: Discovering "G:\\GitHub\\lotes-en-taganga\\app\\components"
2025-11-24T03:36:02.970605Z  INFO get_files:scan_sources: tailwindcss_oxide::scanner: Discovering "G:\\GitHub\\lotes-en-taganga\\public"
2025-11-24T03:36:02.970817Z  INFO get_files:scan_sources: tailwindcss_oxide::scanner: Discovering "G:\\GitHub\\lotes-en-taganga\\public\\images"
2025-11-24T03:36:02.971221Z  INFO get_files:scan_sources: tailwindcss_oxide::scanner: exit
2025-11-24T03:36:02.971311Z  INFO get_files: tailwindcss_oxide::scanner: exit
2025-11-24T03:36:02.971422Z  INFO get_globs: tailwindcss_oxide::scanner: enter
2025-11-24T03:36:02.971430Z  INFO get_globs: tailwindcss_oxide::scanner: exit
2025-11-24T03:36:10.766772Z  INFO scan_sources: tailwindcss_oxide::scanner: enter
2025-11-24T03:36:10.768151Z  INFO scan_sources: tailwindcss_oxide::scanner: Discovering "G:\\GitHub\\lotes-en-taganga\\app"
2025-11-24T03:36:10.768320Z  INFO scan_sources: tailwindcss_oxide::scanner: Discovering "G:\\GitHub\\lotes-en-taganga\\app\\components"
2025-11-24T03:36:10.768490Z  INFO scan_sources: tailwindcss_oxide::scanner: Discovering "G:\\GitHub\\lotes-en-taganga\\app\\components\\Gallery.tsx"
2025-11-24T03:36:10.769204Z  INFO scan_sources: tailwindcss_oxide::scanner: Discovering "G:\\GitHub\\lotes-en-taganga\\public"
2025-11-24T03:36:10.769499Z  INFO scan_sources: tailwindcss_oxide::scanner: Discovering "G:\\GitHub\\lotes-en-taganga\\public\\images"
2025-11-24T03:36:10.769996Z  INFO scan_sources: tailwindcss_oxide::scanner: exit
2025-11-24T03:36:10.770008Z  INFO extract_candidates: tailwindcss_oxide::scanner: enter
2025-11-24T03:36:10.770013Z  INFO extract_candidates:read_all_files: tailwindcss_oxide::scanner: enter
2025-11-24T03:36:10.770017Z  INFO extract_candidates:read_all_files: tailwindcss_oxide::scanner: Reading 1 file(s)
2025-11-24T03:36:10.770094Z  INFO extract_candidates:read_all_files: tailwindcss_oxide::scanner: Reading "G:\\GitHub\\lotes-en-taganga\\app\\components\\Gallery.tsx"
2025-11-24T03:36:10.770106Z  INFO extract_candidates:read_all_files: tailwindcss_oxide::scanner: exit
2025-11-24T03:36:10.770111Z  INFO extract_candidates:parse_all_blobs: tailwindcss_oxide::scanner: enter
2025-11-24T03:36:10.770115Z  INFO extract_candidates:parse_all_blobs:extract: tailwindcss_oxide::scanner: enter
2025-11-24T03:36:10.770256Z  INFO extract_candidates:parse_all_blobs:extract: tailwindcss_oxide::scanner: exit
2025-11-24T03:36:10.770274Z  INFO extract_candidates:parse_all_blobs: tailwindcss_oxide::scanner: exit
2025-11-24T03:36:10.770360Z  INFO extract_candidates: tailwindcss_oxide::scanner: exit
2025-11-24T03:36:10.770530Z  INFO get_files: tailwindcss_oxide::scanner: enter
2025-11-24T03:36:10.770538Z  INFO get_files:scan_sources: tailwindcss_oxide::scanner: enter
2025-11-24T03:36:10.771670Z  INFO get_files:scan_sources: tailwindcss_oxide::scanner: Discovering "G:\\GitHub\\lotes-en-taganga\\app"
2025-11-24T03:36:10.771827Z  INFO get_files:scan_sources: tailwindcss_oxide::scanner: Discovering "G:\\GitHub\\lotes-en-taganga\\app\\components"
2025-11-24T03:36:10.772626Z  INFO get_files:scan_sources: tailwindcss_oxide::scanner: Discovering "G:\\GitHub\\lotes-en-taganga\\public"
2025-11-24T03:36:10.772836Z  INFO get_files:scan_sources: tailwindcss_oxide::scanner: Discovering "G:\\GitHub\\lotes-en-taganga\\public\\images"
2025-11-24T03:36:10.773202Z  INFO get_files:scan_sources: tailwindcss_oxide::scanner: exit
2025-11-24T03:36:10.773308Z  INFO get_files: tailwindcss_oxide::scanner: exit
2025-11-24T03:36:10.773388Z  INFO get_globs: tailwindcss_oxide::scanner: enter
2025-11-24T03:36:10.773395Z  INFO get_globs: tailwindcss_oxide::scanner: exit
2025-11-24T03:36:12.982806Z  INFO scan_sources: tailwindcss_oxide::scanner: enter
2025-11-24T03:36:12.984380Z  INFO scan_sources: tailwindcss_oxide::scanner: Discovering "G:\\GitHub\\lotes-en-taganga\\app"
2025-11-24T03:36:12.984560Z  INFO scan_sources: tailwindcss_oxide::scanner: Discovering "G:\\GitHub\\lotes-en-taganga\\app\\components"
2025-11-24T03:36:12.984736Z  INFO scan_sources: tailwindcss_oxide::scanner: Discovering "G:\\GitHub\\lotes-en-taganga\\app\\components\\Gallery.tsx"
2025-11-24T03:36:12.985560Z  INFO scan_sources: tailwindcss_oxide::scanner: Discovering "G:\\GitHub\\lotes-en-taganga\\public"
2025-11-24T03:36:12.985794Z  INFO scan_sources: tailwindcss_oxide::scanner: Discovering "G:\\GitHub\\lotes-en-taganga\\public\\images"
2025-11-24T03:36:12.986195Z  INFO scan_sources: tailwindcss_oxide::scanner: exit
2025-11-24T03:36:12.986205Z  INFO extract_candidates: tailwindcss_oxide::scanner: enter
2025-11-24T03:36:12.986210Z  INFO extract_candidates:read_all_files: tailwindcss_oxide::scanner: enter
2025-11-24T03:36:12.986213Z  INFO extract_candidates:read_all_files: tailwindcss_oxide::scanner: Reading 1 file(s)
2025-11-24T03:36:12.986284Z  INFO extract_candidates:read_all_files: tailwindcss_oxide::scanner: Reading "G:\\GitHub\\lotes-en-taganga\\app\\components\\Gallery.tsx"
2025-11-24T03:36:12.986294Z  INFO extract_candidates:read_all_files: tailwindcss_oxide::scanner: exit
2025-11-24T03:36:12.986298Z  INFO extract_candidates:parse_all_blobs: tailwindcss_oxide::scanner: enter
2025-11-24T03:36:12.986302Z  INFO extract_candidates:parse_all_blobs:extract: tailwindcss_oxide::scanner: enter
2025-11-24T03:36:12.986483Z  INFO extract_candidates:parse_all_blobs:extract: tailwindcss_oxide::scanner: exit
2025-11-24T03:36:12.986498Z  INFO extract_candidates:parse_all_blobs: tailwindcss_oxide::scanner: exit
2025-11-24T03:36:12.986563Z  INFO extract_candidates: tailwindcss_oxide::scanner: exit
2025-11-24T03:36:12.986811Z  INFO get_files: tailwindcss_oxide::scanner: enter
2025-11-24T03:36:12.986821Z  INFO get_files:scan_sources: tailwindcss_oxide::scanner: enter
2025-11-24T03:36:12.988098Z  INFO get_files:scan_sources: tailwindcss_oxide::scanner: Discovering "G:\\GitHub\\lotes-en-taganga\\app"
2025-11-24T03:36:12.988259Z  INFO get_files:scan_sources: tailwindcss_oxide::scanner: Discovering "G:\\GitHub\\lotes-en-taganga\\app\\components"
2025-11-24T03:36:12.989086Z  INFO get_files:scan_sources: tailwindcss_oxide::scanner: Discovering "G:\\GitHub\\lotes-en-taganga\\public"
2025-11-24T03:36:12.989298Z  INFO get_files:scan_sources: tailwindcss_oxide::scanner: Discovering "G:\\GitHub\\lotes-en-taganga\\public\\images"
2025-11-24T03:36:12.989670Z  INFO get_files:scan_sources: tailwindcss_oxide::scanner: exit
2025-11-24T03:36:12.989753Z  INFO get_files: tailwindcss_oxide::scanner: exit
2025-11-24T03:36:12.989843Z  INFO get_globs: tailwindcss_oxide::scanner: enter
2025-11-24T03:36:12.989851Z  INFO get_globs: tailwindcss_oxide::scanner: exit
2025-11-24T03:36:17.445801Z  INFO scan_sources: tailwindcss_oxide::scanner: enter
2025-11-24T03:36:17.447234Z  INFO scan_sources: tailwindcss_oxide::scanner: Discovering "G:\\GitHub\\lotes-en-taganga\\app"
2025-11-24T03:36:17.447412Z  INFO scan_sources: tailwindcss_oxide::scanner: Discovering "G:\\GitHub\\lotes-en-taganga\\app\\components"
2025-11-24T03:36:17.447590Z  INFO scan_sources: tailwindcss_oxide::scanner: Discovering "G:\\GitHub\\lotes-en-taganga\\app\\components\\Gallery.tsx"
2025-11-24T03:36:17.448367Z  INFO scan_sources: tailwindcss_oxide::scanner: Discovering "G:\\GitHub\\lotes-en-taganga\\public"
2025-11-24T03:36:17.448613Z  INFO scan_sources: tailwindcss_oxide::scanner: Discovering "G:\\GitHub\\lotes-en-taganga\\public\\images"
2025-11-24T03:36:17.449037Z  INFO scan_sources: tailwindcss_oxide::scanner: exit
2025-11-24T03:36:17.449047Z  INFO extract_candidates: tailwindcss_oxide::scanner: enter
2025-11-24T03:36:17.449052Z  INFO extract_candidates:read_all_files: tailwindcss_oxide::scanner: enter
2025-11-24T03:36:17.449055Z  INFO extract_candidates:read_all_files: tailwindcss_oxide::scanner: Reading 1 file(s)
2025-11-24T03:36:17.449121Z  INFO extract_candidates:read_all_files: tailwindcss_oxide::scanner: Reading "G:\\GitHub\\lotes-en-taganga\\app\\components\\Gallery.tsx"
2025-11-24T03:36:17.449131Z  INFO extract_candidates:read_all_files: tailwindcss_oxide::scanner: exit
2025-11-24T03:36:17.449136Z  INFO extract_candidates:parse_all_blobs: tailwindcss_oxide::scanner: enter
2025-11-24T03:36:17.449139Z  INFO extract_candidates:parse_all_blobs:extract: tailwindcss_oxide::scanner: enter
2025-11-24T03:36:17.449294Z  INFO extract_candidates:parse_all_blobs:extract: tailwindcss_oxide::scanner: exit
2025-11-24T03:36:17.449304Z  INFO extract_candidates:parse_all_blobs: tailwindcss_oxide::scanner: exit
2025-11-24T03:36:17.449371Z  INFO extract_candidates: tailwindcss_oxide::scanner: exit
2025-11-24T03:36:17.449536Z  INFO get_files: tailwindcss_oxide::scanner: enter
2025-11-24T03:36:17.449542Z  INFO get_files:scan_sources: tailwindcss_oxide::scanner: enter
2025-11-24T03:36:17.450583Z  INFO get_files:scan_sources: tailwindcss_oxide::scanner: Discovering "G:\\GitHub\\lotes-en-taganga\\app"
2025-11-24T03:36:17.450763Z  INFO get_files:scan_sources: tailwindcss_oxide::scanner: Discovering "G:\\GitHub\\lotes-en-taganga\\app\\components"
2025-11-24T03:36:17.451588Z  INFO get_files:scan_sources: tailwindcss_oxide::scanner: Discovering "G:\\GitHub\\lotes-en-taganga\\public"
2025-11-24T03:36:17.451828Z  INFO get_files:scan_sources: tailwindcss_oxide::scanner: Discovering "G:\\GitHub\\lotes-en-taganga\\public\\images"
2025-11-24T03:36:17.452200Z  INFO get_files:scan_sources: tailwindcss_oxide::scanner: exit
2025-11-24T03:36:17.452326Z  INFO get_files: tailwindcss_oxide::scanner: exit
2025-11-24T03:36:17.452377Z  INFO get_globs: tailwindcss_oxide::scanner: enter
2025-11-24T03:36:17.452383Z  INFO get_globs: tailwindcss_oxide::scanner: exit
2025-11-24T03:36:19.987295Z  INFO scan_sources: tailwindcss_oxide::scanner: enter
2025-11-24T03:36:19.988578Z  INFO scan_sources: tailwindcss_oxide::scanner: Discovering "G:\\GitHub\\lotes-en-taganga\\app"
2025-11-24T03:36:19.988781Z  INFO scan_sources: tailwindcss_oxide::scanner: Discovering "G:\\GitHub\\lotes-en-taganga\\app\\components"
2025-11-24T03:36:19.988981Z  INFO scan_sources: tailwindcss_oxide::scanner: Discovering "G:\\GitHub\\lotes-en-taganga\\app\\components\\Gallery.tsx"
2025-11-24T03:36:19.989809Z  INFO scan_sources: tailwindcss_oxide::scanner: Discovering "G:\\GitHub\\lotes-en-taganga\\public"
2025-11-24T03:36:19.990081Z  INFO scan_sources: tailwindcss_oxide::scanner: Discovering "G:\\GitHub\\lotes-en-taganga\\public\\images"
2025-11-24T03:36:19.990488Z  INFO scan_sources: tailwindcss_oxide::scanner: exit
2025-11-24T03:36:19.990498Z  INFO extract_candidates: tailwindcss_oxide::scanner: enter
2025-11-24T03:36:19.990503Z  INFO extract_candidates:read_all_files: tailwindcss_oxide::scanner: enter
2025-11-24T03:36:19.990506Z  INFO extract_candidates:read_all_files: tailwindcss_oxide::scanner: Reading 1 file(s)
2025-11-24T03:36:19.990610Z  INFO extract_candidates:read_all_files: tailwindcss_oxide::scanner: Reading "G:\\GitHub\\lotes-en-taganga\\app\\components\\Gallery.tsx"
2025-11-24T03:36:19.990621Z  INFO extract_candidates:read_all_files: tailwindcss_oxide::scanner: exit
2025-11-24T03:36:19.990626Z  INFO extract_candidates:parse_all_blobs: tailwindcss_oxide::scanner: enter
2025-11-24T03:36:19.990629Z  INFO extract_candidates:parse_all_blobs:extract: tailwindcss_oxide::scanner: enter
2025-11-24T03:36:19.990774Z  INFO extract_candidates:parse_all_blobs:extract: tailwindcss_oxide::scanner: exit
2025-11-24T03:36:19.990784Z  INFO extract_candidates:parse_all_blobs: tailwindcss_oxide::scanner: exit
2025-11-24T03:36:19.990875Z  INFO extract_candidates: tailwindcss_oxide::scanner: exit
2025-11-24T03:36:19.991045Z  INFO get_files: tailwindcss_oxide::scanner: enter
2025-11-24T03:36:19.991053Z  INFO get_files:scan_sources: tailwindcss_oxide::scanner: enter
2025-11-24T03:36:19.992255Z  INFO get_files:scan_sources: tailwindcss_oxide::scanner: Discovering "G:\\GitHub\\lotes-en-taganga\\app"
2025-11-24T03:36:19.992413Z  INFO get_files:scan_sources: tailwindcss_oxide::scanner: Discovering "G:\\GitHub\\lotes-en-taganga\\app\\components"
2025-11-24T03:36:19.993255Z  INFO get_files:scan_sources: tailwindcss_oxide::scanner: Discovering "G:\\GitHub\\lotes-en-taganga\\public"
2025-11-24T03:36:19.993486Z  INFO get_files:scan_sources: tailwindcss_oxide::scanner: Discovering "G:\\GitHub\\lotes-en-taganga\\public\\images"
2025-11-24T03:36:19.993863Z  INFO get_files:scan_sources: tailwindcss_oxide::scanner: exit
2025-11-24T03:36:19.993965Z  INFO get_files: tailwindcss_oxide::scanner: exit
2025-11-24T03:36:19.994013Z  INFO get_globs: tailwindcss_oxide::scanner: enter
2025-11-24T03:36:19.994019Z  INFO get_globs: tailwindcss_oxide::scanner: exit
2025-11-24T03:36:25.533661Z  INFO scan_sources: tailwindcss_oxide::scanner: enter
2025-11-24T03:36:25.535637Z  INFO scan_sources: tailwindcss_oxide::scanner: Discovering "G:\\GitHub\\lotes-en-taganga\\app"
2025-11-24T03:36:25.535908Z  INFO scan_sources: tailwindcss_oxide::scanner: Discovering "G:\\GitHub\\lotes-en-taganga\\app\\components"
2025-11-24T03:36:25.536088Z  INFO scan_sources: tailwindcss_oxide::scanner: Discovering "G:\\GitHub\\lotes-en-taganga\\app\\components\\Gallery.tsx"
2025-11-24T03:36:25.536786Z  INFO scan_sources: tailwindcss_oxide::scanner: Discovering "G:\\GitHub\\lotes-en-taganga\\public"
2025-11-24T03:36:25.537006Z  INFO scan_sources: tailwindcss_oxide::scanner: Discovering "G:\\GitHub\\lotes-en-taganga\\public\\images"
2025-11-24T03:36:25.537396Z  INFO scan_sources: tailwindcss_oxide::scanner: exit
2025-11-24T03:36:25.537406Z  INFO extract_candidates: tailwindcss_oxide::scanner: enter
2025-11-24T03:36:25.537411Z  INFO extract_candidates:read_all_files: tailwindcss_oxide::scanner: enter
2025-11-24T03:36:25.537414Z  INFO extract_candidates:read_all_files: tailwindcss_oxide::scanner: Reading 1 file(s)
2025-11-24T03:36:25.537478Z  INFO extract_candidates:read_all_files: tailwindcss_oxide::scanner: Reading "G:\\GitHub\\lotes-en-taganga\\app\\components\\Gallery.tsx"
2025-11-24T03:36:25.537489Z  INFO extract_candidates:read_all_files: tailwindcss_oxide::scanner: exit
2025-11-24T03:36:25.537493Z  INFO extract_candidates:parse_all_blobs: tailwindcss_oxide::scanner: enter
2025-11-24T03:36:25.537496Z  INFO extract_candidates:parse_all_blobs:extract: tailwindcss_oxide::scanner: enter
2025-11-24T03:36:25.537637Z  INFO extract_candidates:parse_all_blobs:extract: tailwindcss_oxide::scanner: exit
2025-11-24T03:36:25.537649Z  INFO extract_candidates:parse_all_blobs: tailwindcss_oxide::scanner: exit
2025-11-24T03:36:25.537727Z  INFO extract_candidates: tailwindcss_oxide::scanner: exit
2025-11-24T03:36:25.537896Z  INFO get_files: tailwindcss_oxide::scanner: enter
2025-11-24T03:36:25.537903Z  INFO get_files:scan_sources: tailwindcss_oxide::scanner: enter
2025-11-24T03:36:25.538969Z  INFO get_files:scan_sources: tailwindcss_oxide::scanner: Discovering "G:\\GitHub\\lotes-en-taganga\\app"
2025-11-24T03:36:25.539123Z  INFO get_files:scan_sources: tailwindcss_oxide::scanner: Discovering "G:\\GitHub\\lotes-en-taganga\\app\\components"
2025-11-24T03:36:25.539958Z  INFO get_files:scan_sources: tailwindcss_oxide::scanner: Discovering "G:\\GitHub\\lotes-en-taganga\\public"
2025-11-24T03:36:25.540176Z  INFO get_files:scan_sources: tailwindcss_oxide::scanner: Discovering "G:\\GitHub\\lotes-en-taganga\\public\\images"
2025-11-24T03:36:25.540546Z  INFO get_files:scan_sources: tailwindcss_oxide::scanner: exit
2025-11-24T03:36:25.540647Z  INFO get_files: tailwindcss_oxide::scanner: exit
2025-11-24T03:36:25.540695Z  INFO get_globs: tailwindcss_oxide::scanner: enter
2025-11-24T03:36:25.540702Z  INFO get_globs: tailwindcss_oxide::scanner: exit
2025-11-24T03:36:28.351849Z  INFO scan_sources: tailwindcss_oxide::scanner: enter
2025-11-24T03:36:28.353091Z  INFO scan_sources: tailwindcss_oxide::scanner: Discovering "G:\\GitHub\\lotes-en-taganga\\app"
2025-11-24T03:36:28.353253Z  INFO scan_sources: tailwindcss_oxide::scanner: Discovering "G:\\GitHub\\lotes-en-taganga\\app\\components"
2025-11-24T03:36:28.353423Z  INFO scan_sources: tailwindcss_oxide::scanner: Discovering "G:\\GitHub\\lotes-en-taganga\\app\\components\\Gallery.tsx"
2025-11-24T03:36:28.354113Z  INFO scan_sources: tailwindcss_oxide::scanner: Discovering "G:\\GitHub\\lotes-en-taganga\\public"
2025-11-24T03:36:28.354333Z  INFO scan_sources: tailwindcss_oxide::scanner: Discovering "G:\\GitHub\\lotes-en-taganga\\public\\images"
2025-11-24T03:36:28.354756Z  INFO scan_sources: tailwindcss_oxide::scanner: exit
2025-11-24T03:36:28.354765Z  INFO extract_candidates: tailwindcss_oxide::scanner: enter
2025-11-24T03:36:28.354770Z  INFO extract_candidates:read_all_files: tailwindcss_oxide::scanner: enter
2025-11-24T03:36:28.354773Z  INFO extract_candidates:read_all_files: tailwindcss_oxide::scanner: Reading 1 file(s)
2025-11-24T03:36:28.354837Z  INFO extract_candidates:read_all_files: tailwindcss_oxide::scanner: Reading "G:\\GitHub\\lotes-en-taganga\\app\\components\\Gallery.tsx"
2025-11-24T03:36:28.354847Z  INFO extract_candidates:read_all_files: tailwindcss_oxide::scanner: exit
2025-11-24T03:36:28.354851Z  INFO extract_candidates:parse_all_blobs: tailwindcss_oxide::scanner: enter
2025-11-24T03:36:28.354854Z  INFO extract_candidates:parse_all_blobs:extract: tailwindcss_oxide::scanner: enter
2025-11-24T03:36:28.355025Z  INFO extract_candidates:parse_all_blobs:extract: tailwindcss_oxide::scanner: exit
2025-11-24T03:36:28.355043Z  INFO extract_candidates:parse_all_blobs: tailwindcss_oxide::scanner: exit
2025-11-24T03:36:28.355131Z  INFO extract_candidates: tailwindcss_oxide::scanner: exit
2025-11-24T03:36:28.355290Z  INFO get_files: tailwindcss_oxide::scanner: enter
2025-11-24T03:36:28.355296Z  INFO get_files:scan_sources: tailwindcss_oxide::scanner: enter
2025-11-24T03:36:28.356347Z  INFO get_files:scan_sources: tailwindcss_oxide::scanner: Discovering "G:\\GitHub\\lotes-en-taganga\\app"
2025-11-24T03:36:28.356529Z  INFO get_files:scan_sources: tailwindcss_oxide::scanner: Discovering "G:\\GitHub\\lotes-en-taganga\\app\\components"
2025-11-24T03:36:28.357336Z  INFO get_files:scan_sources: tailwindcss_oxide::scanner: Discovering "G:\\GitHub\\lotes-en-taganga\\public"
2025-11-24T03:36:28.357558Z  INFO get_files:scan_sources: tailwindcss_oxide::scanner: Discovering "G:\\GitHub\\lotes-en-taganga\\public\\images"
2025-11-24T03:36:28.357934Z  INFO get_files:scan_sources: tailwindcss_oxide::scanner: exit
2025-11-24T03:36:28.358025Z  INFO get_files: tailwindcss_oxide::scanner: exit
2025-11-24T03:36:28.358081Z  INFO get_globs: tailwindcss_oxide::scanner: enter
2025-11-24T03:36:28.358087Z  INFO get_globs: tailwindcss_oxide::scanner: exit
2025-11-24T03:36:35.424009Z  INFO scan_sources: tailwindcss_oxide::scanner: enter
2025-11-24T03:36:35.425486Z  INFO scan_sources: tailwindcss_oxide::scanner: Discovering "G:\\GitHub\\lotes-en-taganga\\app"
2025-11-24T03:36:35.425655Z  INFO scan_sources: tailwindcss_oxide::scanner: Discovering "G:\\GitHub\\lotes-en-taganga\\app\\components"
2025-11-24T03:36:35.425840Z  INFO scan_sources: tailwindcss_oxide::scanner: Discovering "G:\\GitHub\\lotes-en-taganga\\app\\components\\Gallery.tsx"
2025-11-24T03:36:35.426533Z  INFO scan_sources: tailwindcss_oxide::scanner: Discovering "G:\\GitHub\\lotes-en-taganga\\public"
2025-11-24T03:36:35.426763Z  INFO scan_sources: tailwindcss_oxide::scanner: Discovering "G:\\GitHub\\lotes-en-taganga\\public\\images"
2025-11-24T03:36:35.427138Z  INFO scan_sources: tailwindcss_oxide::scanner: exit
2025-11-24T03:36:35.427147Z  INFO extract_candidates: tailwindcss_oxide::scanner: enter
2025-11-24T03:36:35.427152Z  INFO extract_candidates:read_all_files: tailwindcss_oxide::scanner: enter
2025-11-24T03:36:35.427155Z  INFO extract_candidates:read_all_files: tailwindcss_oxide::scanner: Reading 1 file(s)
2025-11-24T03:36:35.427217Z  INFO extract_candidates:read_all_files: tailwindcss_oxide::scanner: Reading "G:\\GitHub\\lotes-en-taganga\\app\\components\\Gallery.tsx"
2025-11-24T03:36:35.427226Z  INFO extract_candidates:read_all_files: tailwindcss_oxide::scanner: exit
2025-11-24T03:36:35.427230Z  INFO extract_candidates:parse_all_blobs: tailwindcss_oxide::scanner: enter
2025-11-24T03:36:35.427234Z  INFO extract_candidates:parse_all_blobs:extract: tailwindcss_oxide::scanner: enter
2025-11-24T03:36:35.427362Z  INFO extract_candidates:parse_all_blobs:extract: tailwindcss_oxide::scanner: exit
2025-11-24T03:36:35.427380Z  INFO extract_candidates:parse_all_blobs: tailwindcss_oxide::scanner: exit
2025-11-24T03:36:35.427509Z  INFO extract_candidates: tailwindcss_oxide::scanner: exit
2025-11-24T03:36:35.427686Z  INFO get_files: tailwindcss_oxide::scanner: enter
2025-11-24T03:36:35.427694Z  INFO get_files:scan_sources: tailwindcss_oxide::scanner: enter
2025-11-24T03:36:35.428763Z  INFO get_files:scan_sources: tailwindcss_oxide::scanner: Discovering "G:\\GitHub\\lotes-en-taganga\\app"
2025-11-24T03:36:35.428917Z  INFO get_files:scan_sources: tailwindcss_oxide::scanner: Discovering "G:\\GitHub\\lotes-en-taganga\\app\\components"
2025-11-24T03:36:35.429874Z  INFO get_files:scan_sources: tailwindcss_oxide::scanner: Discovering "G:\\GitHub\\lotes-en-taganga\\public"
2025-11-24T03:36:35.430134Z  INFO get_files:scan_sources: tailwindcss_oxide::scanner: Discovering "G:\\GitHub\\lotes-en-taganga\\public\\images"
2025-11-24T03:36:35.430494Z  INFO get_files:scan_sources: tailwindcss_oxide::scanner: exit
2025-11-24T03:36:35.430580Z  INFO get_files: tailwindcss_oxide::scanner: exit
2025-11-24T03:36:35.430642Z  INFO get_globs: tailwindcss_oxide::scanner: enter
2025-11-24T03:36:35.430649Z  INFO get_globs: tailwindcss_oxide::scanner: exit
2025-11-24T03:36:37.737955Z  INFO scan_sources: tailwindcss_oxide::scanner: enter
2025-11-24T03:36:37.739327Z  INFO scan_sources: tailwindcss_oxide::scanner: Discovering "G:\\GitHub\\lotes-en-taganga\\app"
2025-11-24T03:36:37.739504Z  INFO scan_sources: tailwindcss_oxide::scanner: Discovering "G:\\GitHub\\lotes-en-taganga\\app\\components"
2025-11-24T03:36:37.739678Z  INFO scan_sources: tailwindcss_oxide::scanner: Discovering "G:\\GitHub\\lotes-en-taganga\\app\\components\\Gallery.tsx"
2025-11-24T03:36:37.740471Z  INFO scan_sources: tailwindcss_oxide::scanner: Discovering "G:\\GitHub\\lotes-en-taganga\\public"
2025-11-24T03:36:37.740701Z  INFO scan_sources: tailwindcss_oxide::scanner: Discovering "G:\\GitHub\\lotes-en-taganga\\public\\images"
2025-11-24T03:36:37.741088Z  INFO scan_sources: tailwindcss_oxide::scanner: exit
2025-11-24T03:36:37.741098Z  INFO extract_candidates: tailwindcss_oxide::scanner: enter
2025-11-24T03:36:37.741103Z  INFO extract_candidates:read_all_files: tailwindcss_oxide::scanner: enter
2025-11-24T03:36:37.741106Z  INFO extract_candidates:read_all_files: tailwindcss_oxide::scanner: Reading 1 file(s)
2025-11-24T03:36:37.741170Z  INFO extract_candidates:read_all_files: tailwindcss_oxide::scanner: Reading "G:\\GitHub\\lotes-en-taganga\\app\\components\\Gallery.tsx"
2025-11-24T03:36:37.741180Z  INFO extract_candidates:read_all_files: tailwindcss_oxide::scanner: exit
2025-11-24T03:36:37.741184Z  INFO extract_candidates:parse_all_blobs: tailwindcss_oxide::scanner: enter
2025-11-24T03:36:37.741192Z  INFO extract_candidates:parse_all_blobs:extract: tailwindcss_oxide::scanner: enter
2025-11-24T03:36:37.741338Z  INFO extract_candidates:parse_all_blobs:extract: tailwindcss_oxide::scanner: exit
2025-11-24T03:36:37.741357Z  INFO extract_candidates:parse_all_blobs: tailwindcss_oxide::scanner: exit
2025-11-24T03:36:37.741450Z  INFO extract_candidates: tailwindcss_oxide::scanner: exit
2025-11-24T03:36:37.741624Z  INFO get_files: tailwindcss_oxide::scanner: enter
2025-11-24T03:36:37.741631Z  INFO get_files:scan_sources: tailwindcss_oxide::scanner: enter
2025-11-24T03:36:37.742820Z  INFO get_files:scan_sources: tailwindcss_oxide::scanner: Discovering "G:\\GitHub\\lotes-en-taganga\\app"
2025-11-24T03:36:37.742989Z  INFO get_files:scan_sources: tailwindcss_oxide::scanner: Discovering "G:\\GitHub\\lotes-en-taganga\\app\\components"
2025-11-24T03:36:37.743991Z  INFO get_files:scan_sources: tailwindcss_oxide::scanner: Discovering "G:\\GitHub\\lotes-en-taganga\\public"
2025-11-24T03:36:37.744206Z  INFO get_files:scan_sources: tailwindcss_oxide::scanner: Discovering "G:\\GitHub\\lotes-en-taganga\\public\\images"
2025-11-24T03:36:37.744584Z  INFO get_files:scan_sources: tailwindcss_oxide::scanner: exit
2025-11-24T03:36:37.744671Z  INFO get_files: tailwindcss_oxide::scanner: exit
2025-11-24T03:36:37.744735Z  INFO get_globs: tailwindcss_oxide::scanner: enter
2025-11-24T03:36:37.744743Z  INFO get_globs: tailwindcss_oxide::scanner: exit
2025-11-24T03:36:43.093919Z  INFO scan_sources: tailwindcss_oxide::scanner: enter
2025-11-24T03:36:43.095400Z  INFO scan_sources: tailwindcss_oxide::scanner: Discovering "G:\\GitHub\\lotes-en-taganga\\app"
2025-11-24T03:36:43.095569Z  INFO scan_sources: tailwindcss_oxide::scanner: Discovering "G:\\GitHub\\lotes-en-taganga\\app\\components"
2025-11-24T03:36:43.095740Z  INFO scan_sources: tailwindcss_oxide::scanner: Discovering "G:\\GitHub\\lotes-en-taganga\\app\\components\\Gallery.tsx"
2025-11-24T03:36:43.096514Z  INFO scan_sources: tailwindcss_oxide::scanner: Discovering "G:\\GitHub\\lotes-en-taganga\\public"
2025-11-24T03:36:43.096754Z  INFO scan_sources: tailwindcss_oxide::scanner: Discovering "G:\\GitHub\\lotes-en-taganga\\public\\images"
2025-11-24T03:36:43.097136Z  INFO scan_sources: tailwindcss_oxide::scanner: exit
2025-11-24T03:36:43.097146Z  INFO extract_candidates: tailwindcss_oxide::scanner: enter
2025-11-24T03:36:43.097150Z  INFO extract_candidates:read_all_files: tailwindcss_oxide::scanner: enter
2025-11-24T03:36:43.097153Z  INFO extract_candidates:read_all_files: tailwindcss_oxide::scanner: Reading 1 file(s)
2025-11-24T03:36:43.097254Z  INFO extract_candidates:read_all_files: tailwindcss_oxide::scanner: Reading "G:\\GitHub\\lotes-en-taganga\\app\\components\\Gallery.tsx"
2025-11-24T03:36:43.097267Z  INFO extract_candidates:read_all_files: tailwindcss_oxide::scanner: exit
2025-11-24T03:36:43.097272Z  INFO extract_candidates:parse_all_blobs: tailwindcss_oxide::scanner: enter
2025-11-24T03:36:43.097275Z  INFO extract_candidates:parse_all_blobs:extract: tailwindcss_oxide::scanner: enter
2025-11-24T03:36:43.097436Z  INFO extract_candidates:parse_all_blobs:extract: tailwindcss_oxide::scanner: exit
2025-11-24T03:36:43.097447Z  INFO extract_candidates:parse_all_blobs: tailwindcss_oxide::scanner: exit
2025-11-24T03:36:43.097531Z  INFO extract_candidates: tailwindcss_oxide::scanner: exit
2025-11-24T03:36:43.097729Z  INFO get_files: tailwindcss_oxide::scanner: enter
2025-11-24T03:36:43.097737Z  INFO get_files:scan_sources: tailwindcss_oxide::scanner: enter
2025-11-24T03:36:43.098727Z  INFO get_files:scan_sources: tailwindcss_oxide::scanner: Discovering "G:\\GitHub\\lotes-en-taganga\\app"
2025-11-24T03:36:43.098882Z  INFO get_files:scan_sources: tailwindcss_oxide::scanner: Discovering "G:\\GitHub\\lotes-en-taganga\\app\\components"
2025-11-24T03:36:43.100214Z  INFO get_files:scan_sources: tailwindcss_oxide::scanner: Discovering "G:\\GitHub\\lotes-en-taganga\\public"
2025-11-24T03:36:43.100437Z  INFO get_files:scan_sources: tailwindcss_oxide::scanner: Discovering "G:\\GitHub\\lotes-en-taganga\\public\\images"
2025-11-24T03:36:43.100847Z  INFO get_files:scan_sources: tailwindcss_oxide::scanner: exit
2025-11-24T03:36:43.100988Z  INFO get_files: tailwindcss_oxide::scanner: exit
2025-11-24T03:36:43.101085Z  INFO get_globs: tailwindcss_oxide::scanner: enter
2025-11-24T03:36:43.101092Z  INFO get_globs: tailwindcss_oxide::scanner: exit
2025-11-24T03:36:46.316626Z  INFO scan_sources: tailwindcss_oxide::scanner: enter
2025-11-24T03:36:46.318038Z  INFO scan_sources: tailwindcss_oxide::scanner: Discovering "G:\\GitHub\\lotes-en-taganga\\app"
2025-11-24T03:36:46.318216Z  INFO scan_sources: tailwindcss_oxide::scanner: Discovering "G:\\GitHub\\lotes-en-taganga\\app\\components"
2025-11-24T03:36:46.318390Z  INFO scan_sources: tailwindcss_oxide::scanner: Discovering "G:\\GitHub\\lotes-en-taganga\\app\\components\\Gallery.tsx"
2025-11-24T03:36:46.319107Z  INFO scan_sources: tailwindcss_oxide::scanner: Discovering "G:\\GitHub\\lotes-en-taganga\\public"
2025-11-24T03:36:46.319391Z  INFO scan_sources: tailwindcss_oxide::scanner: Discovering "G:\\GitHub\\lotes-en-taganga\\public\\images"
2025-11-24T03:36:46.319817Z  INFO scan_sources: tailwindcss_oxide::scanner: exit
2025-11-24T03:36:46.319828Z  INFO extract_candidates: tailwindcss_oxide::scanner: enter
2025-11-24T03:36:46.319834Z  INFO extract_candidates:read_all_files: tailwindcss_oxide::scanner: enter
2025-11-24T03:36:46.319839Z  INFO extract_candidates:read_all_files: tailwindcss_oxide::scanner: Reading 1 file(s)
2025-11-24T03:36:46.319917Z  INFO extract_candidates:read_all_files: tailwindcss_oxide::scanner: Reading "G:\\GitHub\\lotes-en-taganga\\app\\components\\Gallery.tsx"
2025-11-24T03:36:46.319927Z  INFO extract_candidates:read_all_files: tailwindcss_oxide::scanner: exit
2025-11-24T03:36:46.319931Z  INFO extract_candidates:parse_all_blobs: tailwindcss_oxide::scanner: enter
2025-11-24T03:36:46.319934Z  INFO extract_candidates:parse_all_blobs:extract: tailwindcss_oxide::scanner: enter
2025-11-24T03:36:46.320073Z  INFO extract_candidates:parse_all_blobs:extract: tailwindcss_oxide::scanner: exit
2025-11-24T03:36:46.320087Z  INFO extract_candidates:parse_all_blobs: tailwindcss_oxide::scanner: exit
2025-11-24T03:36:46.320203Z  INFO extract_candidates: tailwindcss_oxide::scanner: exit
2025-11-24T03:36:46.320372Z  INFO get_files: tailwindcss_oxide::scanner: enter
2025-11-24T03:36:46.320378Z  INFO get_files:scan_sources: tailwindcss_oxide::scanner: enter
2025-11-24T03:36:46.321451Z  INFO get_files:scan_sources: tailwindcss_oxide::scanner: Discovering "G:\\GitHub\\lotes-en-taganga\\app"
2025-11-24T03:36:46.321610Z  INFO get_files:scan_sources: tailwindcss_oxide::scanner: Discovering "G:\\GitHub\\lotes-en-taganga\\app\\components"
2025-11-24T03:36:46.322446Z  INFO get_files:scan_sources: tailwindcss_oxide::scanner: Discovering "G:\\GitHub\\lotes-en-taganga\\public"
2025-11-24T03:36:46.322658Z  INFO get_files:scan_sources: tailwindcss_oxide::scanner: Discovering "G:\\GitHub\\lotes-en-taganga\\public\\images"
2025-11-24T03:36:46.323028Z  INFO get_files:scan_sources: tailwindcss_oxide::scanner: exit
2025-11-24T03:36:46.323105Z  INFO get_files: tailwindcss_oxide::scanner: exit
2025-11-24T03:36:46.323173Z  INFO get_globs: tailwindcss_oxide::scanner: enter
2025-11-24T03:36:46.323180Z  INFO get_globs: tailwindcss_oxide::scanner: exit
2025-11-24T03:39:43.946961Z  INFO scan_sources: tailwindcss_oxide::scanner: enter
2025-11-24T03:39:43.948294Z  INFO scan_sources: tailwindcss_oxide::scanner: Discovering "G:\\GitHub\\lotes-en-taganga\\app"
2025-11-24T03:39:43.948465Z  INFO scan_sources: tailwindcss_oxide::scanner: Discovering "G:\\GitHub\\lotes-en-taganga\\app\\components"
2025-11-24T03:39:43.948640Z  INFO scan_sources: tailwindcss_oxide::scanner: Discovering "G:\\GitHub\\lotes-en-taganga\\app\\components\\Gallery.tsx"
2025-11-24T03:39:43.949372Z  INFO scan_sources: tailwindcss_oxide::scanner: Discovering "G:\\GitHub\\lotes-en-taganga\\public"
2025-11-24T03:39:43.949645Z  INFO scan_sources: tailwindcss_oxide::scanner: Discovering "G:\\GitHub\\lotes-en-taganga\\public\\images"
2025-11-24T03:39:43.950101Z  INFO scan_sources: tailwindcss_oxide::scanner: exit
2025-11-24T03:39:43.950112Z  INFO extract_candidates: tailwindcss_oxide::scanner: enter
2025-11-24T03:39:43.950118Z  INFO extract_candidates:read_all_files: tailwindcss_oxide::scanner: enter
2025-11-24T03:39:43.950121Z  INFO extract_candidates:read_all_files: tailwindcss_oxide::scanner: Reading 1 file(s)
2025-11-24T03:39:43.950315Z  INFO extract_candidates:read_all_files: tailwindcss_oxide::scanner: Reading "G:\\GitHub\\lotes-en-taganga\\app\\components\\Gallery.tsx"
2025-11-24T03:39:43.950327Z  INFO extract_candidates:read_all_files: tailwindcss_oxide::scanner: exit
2025-11-24T03:39:43.950332Z  INFO extract_candidates:parse_all_blobs: tailwindcss_oxide::scanner: enter
2025-11-24T03:39:43.950335Z  INFO extract_candidates:parse_all_blobs:extract: tailwindcss_oxide::scanner: enter
2025-11-24T03:39:43.950474Z  INFO extract_candidates:parse_all_blobs:extract: tailwindcss_oxide::scanner: exit
2025-11-24T03:39:43.950486Z  INFO extract_candidates:parse_all_blobs: tailwindcss_oxide::scanner: exit
2025-11-24T03:39:43.950599Z  INFO extract_candidates: tailwindcss_oxide::scanner: exit
2025-11-24T03:39:43.950743Z  INFO get_files: tailwindcss_oxide::scanner: enter
2025-11-24T03:39:43.950750Z  INFO get_files:scan_sources: tailwindcss_oxide::scanner: enter
2025-11-24T03:39:43.951916Z  INFO get_files:scan_sources: tailwindcss_oxide::scanner: Discovering "G:\\GitHub\\lotes-en-taganga\\app"
2025-11-24T03:39:43.952080Z  INFO get_files:scan_sources: tailwindcss_oxide::scanner: Discovering "G:\\GitHub\\lotes-en-taganga\\app\\components"
2025-11-24T03:39:43.952945Z  INFO get_files:scan_sources: tailwindcss_oxide::scanner: Discovering "G:\\GitHub\\lotes-en-taganga\\public"
2025-11-24T03:39:43.953161Z  INFO get_files:scan_sources: tailwindcss_oxide::scanner: Discovering "G:\\GitHub\\lotes-en-taganga\\public\\images"
2025-11-24T03:39:43.953544Z  INFO get_files:scan_sources: tailwindcss_oxide::scanner: exit
2025-11-24T03:39:43.953698Z  INFO get_files: tailwindcss_oxide::scanner: exit
2025-11-24T03:39:43.953789Z  INFO get_globs: tailwindcss_oxide::scanner: enter
2025-11-24T03:39:43.953802Z  INFO get_globs: tailwindcss_oxide::scanner: exit
2025-11-24T03:40:00.372162Z  INFO scan_sources: tailwindcss_oxide::scanner: enter
2025-11-24T03:40:00.374376Z  INFO scan_sources: tailwindcss_oxide::scanner: Discovering "G:\\GitHub\\lotes-en-taganga\\app"
2025-11-24T03:40:00.374692Z  INFO scan_sources: tailwindcss_oxide::scanner: Discovering "G:\\GitHub\\lotes-en-taganga\\app\\components"
2025-11-24T03:40:00.374964Z  INFO scan_sources: tailwindcss_oxide::scanner: Discovering "G:\\GitHub\\lotes-en-taganga\\app\\components\\Gallery.tsx"
2025-11-24T03:40:00.376043Z  INFO scan_sources: tailwindcss_oxide::scanner: Discovering "G:\\GitHub\\lotes-en-taganga\\public"
2025-11-24T03:40:00.376367Z  INFO scan_sources: tailwindcss_oxide::scanner: Discovering "G:\\GitHub\\lotes-en-taganga\\public\\images"
2025-11-24T03:40:00.376828Z  INFO scan_sources: tailwindcss_oxide::scanner: exit
2025-11-24T03:40:00.376840Z  INFO extract_candidates: tailwindcss_oxide::scanner: enter
2025-11-24T03:40:00.376845Z  INFO extract_candidates:read_all_files: tailwindcss_oxide::scanner: enter
2025-11-24T03:40:00.376849Z  INFO extract_candidates:read_all_files: tailwindcss_oxide::scanner: Reading 1 file(s)
2025-11-24T03:40:00.376937Z  INFO extract_candidates:read_all_files: tailwindcss_oxide::scanner: Reading "G:\\GitHub\\lotes-en-taganga\\app\\components\\Gallery.tsx"
2025-11-24T03:40:00.376952Z  INFO extract_candidates:read_all_files: tailwindcss_oxide::scanner: exit
2025-11-24T03:40:00.376959Z  INFO extract_candidates:parse_all_blobs: tailwindcss_oxide::scanner: enter
2025-11-24T03:40:00.376964Z  INFO extract_candidates:parse_all_blobs:extract: tailwindcss_oxide::scanner: enter
2025-11-24T03:40:00.377223Z  INFO extract_candidates:parse_all_blobs:extract: tailwindcss_oxide::scanner: exit
2025-11-24T03:40:00.377240Z  INFO extract_candidates:parse_all_blobs: tailwindcss_oxide::scanner: exit
2025-11-24T03:40:00.377295Z  INFO extract_candidates: tailwindcss_oxide::scanner: exit
2025-11-24T03:40:00.377599Z  INFO get_files: tailwindcss_oxide::scanner: enter
2025-11-24T03:40:00.377613Z  INFO get_files:scan_sources: tailwindcss_oxide::scanner: enter
2025-11-24T03:40:00.379245Z  INFO get_files:scan_sources: tailwindcss_oxide::scanner: Discovering "G:\\GitHub\\lotes-en-taganga\\app"
2025-11-24T03:40:00.379452Z  INFO get_files:scan_sources: tailwindcss_oxide::scanner: Discovering "G:\\GitHub\\lotes-en-taganga\\app\\components"
2025-11-24T03:40:00.380520Z  INFO get_files:scan_sources: tailwindcss_oxide::scanner: Discovering "G:\\GitHub\\lotes-en-taganga\\public"
2025-11-24T03:40:00.380867Z  INFO get_files:scan_sources: tailwindcss_oxide::scanner: Discovering "G:\\GitHub\\lotes-en-taganga\\public\\images"
2025-11-24T03:40:00.381491Z  INFO get_files:scan_sources: tailwindcss_oxide::scanner: exit
2025-11-24T03:40:00.381747Z  INFO get_files: tailwindcss_oxide::scanner: exit
2025-11-24T03:40:00.381853Z  INFO get_globs: tailwindcss_oxide::scanner: enter
2025-11-24T03:40:00.381862Z  INFO get_globs: tailwindcss_oxide::scanner: exit
2025-11-24T03:40:07.276323Z  INFO scan_sources: tailwindcss_oxide::scanner: enter
2025-11-24T03:40:07.277775Z  INFO scan_sources: tailwindcss_oxide::scanner: Discovering "G:\\GitHub\\lotes-en-taganga\\app"
2025-11-24T03:40:07.277947Z  INFO scan_sources: tailwindcss_oxide::scanner: Discovering "G:\\GitHub\\lotes-en-taganga\\app\\components"
2025-11-24T03:40:07.278125Z  INFO scan_sources: tailwindcss_oxide::scanner: Discovering "G:\\GitHub\\lotes-en-taganga\\app\\components\\Gallery.tsx"
2025-11-24T03:40:07.278881Z  INFO scan_sources: tailwindcss_oxide::scanner: Discovering "G:\\GitHub\\lotes-en-taganga\\public"
2025-11-24T03:40:07.279107Z  INFO scan_sources: tailwindcss_oxide::scanner: Discovering "G:\\GitHub\\lotes-en-taganga\\public\\images"
2025-11-24T03:40:07.279549Z  INFO scan_sources: tailwindcss_oxide::scanner: exit
2025-11-24T03:40:07.279559Z  INFO extract_candidates: tailwindcss_oxide::scanner: enter
2025-11-24T03:40:07.279564Z  INFO extract_candidates:read_all_files: tailwindcss_oxide::scanner: enter
2025-11-24T03:40:07.279567Z  INFO extract_candidates:read_all_files: tailwindcss_oxide::scanner: Reading 1 file(s)
2025-11-24T03:40:07.279633Z  INFO extract_candidates:read_all_files: tailwindcss_oxide::scanner: Reading "G:\\GitHub\\lotes-en-taganga\\app\\components\\Gallery.tsx"
2025-11-24T03:40:07.279643Z  INFO extract_candidates:read_all_files: tailwindcss_oxide::scanner: exit
2025-11-24T03:40:07.279647Z  INFO extract_candidates:parse_all_blobs: tailwindcss_oxide::scanner: enter
2025-11-24T03:40:07.279650Z  INFO extract_candidates:parse_all_blobs:extract: tailwindcss_oxide::scanner: enter
2025-11-24T03:40:07.279813Z  INFO extract_candidates:parse_all_blobs:extract: tailwindcss_oxide::scanner: exit
2025-11-24T03:40:07.279830Z  INFO extract_candidates:parse_all_blobs: tailwindcss_oxide::scanner: exit
2025-11-24T03:40:07.279898Z  INFO extract_candidates: tailwindcss_oxide::scanner: exit
2025-11-24T03:40:07.280132Z  INFO get_files: tailwindcss_oxide::scanner: enter
2025-11-24T03:40:07.280140Z  INFO get_files:scan_sources: tailwindcss_oxide::scanner: enter
2025-11-24T03:40:07.281287Z  INFO get_files:scan_sources: tailwindcss_oxide::scanner: Discovering "G:\\GitHub\\lotes-en-taganga\\app"
2025-11-24T03:40:07.281449Z  INFO get_files:scan_sources: tailwindcss_oxide::scanner: Discovering "G:\\GitHub\\lotes-en-taganga\\app\\components"
2025-11-24T03:40:07.282291Z  INFO get_files:scan_sources: tailwindcss_oxide::scanner: Discovering "G:\\GitHub\\lotes-en-taganga\\public"
2025-11-24T03:40:07.282508Z  INFO get_files:scan_sources: tailwindcss_oxide::scanner: Discovering "G:\\GitHub\\lotes-en-taganga\\public\\images"
2025-11-24T03:40:07.282889Z  INFO get_files:scan_sources: tailwindcss_oxide::scanner: exit
2025-11-24T03:40:07.282988Z  INFO get_files: tailwindcss_oxide::scanner: exit
2025-11-24T03:40:07.283041Z  INFO get_globs: tailwindcss_oxide::scanner: enter
2025-11-24T03:40:07.283047Z  INFO get_globs: tailwindcss_oxide::scanner: exit
2025-11-24T03:40:11.443965Z  INFO scan_sources: tailwindcss_oxide::scanner: enter
2025-11-24T03:40:11.445533Z  INFO scan_sources: tailwindcss_oxide::scanner: Discovering "G:\\GitHub\\lotes-en-taganga\\app"
2025-11-24T03:40:11.445705Z  INFO scan_sources: tailwindcss_oxide::scanner: Discovering "G:\\GitHub\\lotes-en-taganga\\app\\components"
2025-11-24T03:40:11.446014Z  INFO scan_sources: tailwindcss_oxide::scanner: Discovering "G:\\GitHub\\lotes-en-taganga\\app\\components\\Gallery.tsx"
2025-11-24T03:40:11.446731Z  INFO scan_sources: tailwindcss_oxide::scanner: Discovering "G:\\GitHub\\lotes-en-taganga\\public"
2025-11-24T03:40:11.446955Z  INFO scan_sources: tailwindcss_oxide::scanner: Discovering "G:\\GitHub\\lotes-en-taganga\\public\\images"
2025-11-24T03:40:11.447339Z  INFO scan_sources: tailwindcss_oxide::scanner: exit
2025-11-24T03:40:11.447349Z  INFO extract_candidates: tailwindcss_oxide::scanner: enter
2025-11-24T03:40:11.447354Z  INFO extract_candidates:read_all_files: tailwindcss_oxide::scanner: enter
2025-11-24T03:40:11.447358Z  INFO extract_candidates:read_all_files: tailwindcss_oxide::scanner: Reading 1 file(s)
2025-11-24T03:40:11.447423Z  INFO extract_candidates:read_all_files: tailwindcss_oxide::scanner: Reading "G:\\GitHub\\lotes-en-taganga\\app\\components\\Gallery.tsx"
2025-11-24T03:40:11.447437Z  INFO extract_candidates:read_all_files: tailwindcss_oxide::scanner: exit
2025-11-24T03:40:11.447441Z  INFO extract_candidates:parse_all_blobs: tailwindcss_oxide::scanner: enter
2025-11-24T03:40:11.447444Z  INFO extract_candidates:parse_all_blobs:extract: tailwindcss_oxide::scanner: enter
2025-11-24T03:40:11.447576Z  INFO extract_candidates:parse_all_blobs:extract: tailwindcss_oxide::scanner: exit
2025-11-24T03:40:11.447585Z  INFO extract_candidates:parse_all_blobs: tailwindcss_oxide::scanner: exit
2025-11-24T03:40:11.447685Z  INFO extract_candidates: tailwindcss_oxide::scanner: exit
2025-11-24T03:40:11.447841Z  INFO get_files: tailwindcss_oxide::scanner: enter
2025-11-24T03:40:11.447847Z  INFO get_files:scan_sources: tailwindcss_oxide::scanner: enter
2025-11-24T03:40:11.448851Z  INFO get_files:scan_sources: tailwindcss_oxide::scanner: Discovering "G:\\GitHub\\lotes-en-taganga\\app"
2025-11-24T03:40:11.449004Z  INFO get_files:scan_sources: tailwindcss_oxide::scanner: Discovering "G:\\GitHub\\lotes-en-taganga\\app\\components"
2025-11-24T03:40:11.449794Z  INFO get_files:scan_sources: tailwindcss_oxide::scanner: Discovering "G:\\GitHub\\lotes-en-taganga\\public"
2025-11-24T03:40:11.450003Z  INFO get_files:scan_sources: tailwindcss_oxide::scanner: Discovering "G:\\GitHub\\lotes-en-taganga\\public\\images"
2025-11-24T03:40:11.450364Z  INFO get_files:scan_sources: tailwindcss_oxide::scanner: exit
2025-11-24T03:40:11.450487Z  INFO get_files: tailwindcss_oxide::scanner: exit
2025-11-24T03:40:11.450540Z  INFO get_globs: tailwindcss_oxide::scanner: enter
2025-11-24T03:40:11.450546Z  INFO get_globs: tailwindcss_oxide::scanner: exit
2025-11-24T03:40:23.027632Z  INFO scan_sources: tailwindcss_oxide::scanner: enter
2025-11-24T03:40:23.028924Z  INFO scan_sources: tailwindcss_oxide::scanner: Discovering "G:\\GitHub\\lotes-en-taganga\\app"
2025-11-24T03:40:23.029093Z  INFO scan_sources: tailwindcss_oxide::scanner: Discovering "G:\\GitHub\\lotes-en-taganga\\app\\components"
2025-11-24T03:40:23.029267Z  INFO scan_sources: tailwindcss_oxide::scanner: Discovering "G:\\GitHub\\lotes-en-taganga\\app\\components\\Gallery.tsx"
2025-11-24T03:40:23.029970Z  INFO scan_sources: tailwindcss_oxide::scanner: Discovering "G:\\GitHub\\lotes-en-taganga\\public"
2025-11-24T03:40:23.030269Z  INFO scan_sources: tailwindcss_oxide::scanner: Discovering "G:\\GitHub\\lotes-en-taganga\\public\\images"
2025-11-24T03:40:23.030708Z  INFO scan_sources: tailwindcss_oxide::scanner: exit
2025-11-24T03:40:23.030720Z  INFO extract_candidates: tailwindcss_oxide::scanner: enter
2025-11-24T03:40:23.030725Z  INFO extract_candidates:read_all_files: tailwindcss_oxide::scanner: enter
2025-11-24T03:40:23.030730Z  INFO extract_candidates:read_all_files: tailwindcss_oxide::scanner: Reading 1 file(s)
2025-11-24T03:40:23.030857Z  INFO extract_candidates:read_all_files: tailwindcss_oxide::scanner: Reading "G:\\GitHub\\lotes-en-taganga\\app\\components\\Gallery.tsx"
2025-11-24T03:40:23.030871Z  INFO extract_candidates:read_all_files: tailwindcss_oxide::scanner: exit
2025-11-24T03:40:23.030877Z  INFO extract_candidates:parse_all_blobs: tailwindcss_oxide::scanner: enter
2025-11-24T03:40:23.030881Z  INFO extract_candidates:parse_all_blobs:extract: tailwindcss_oxide::scanner: enter
2025-11-24T03:40:23.031034Z  INFO extract_candidates:parse_all_blobs:extract: tailwindcss_oxide::scanner: exit
2025-11-24T03:40:23.031042Z  INFO extract_candidates:parse_all_blobs: tailwindcss_oxide::scanner: exit
2025-11-24T03:40:23.031150Z  INFO extract_candidates: tailwindcss_oxide::scanner: exit
2025-11-24T03:40:23.031333Z  INFO get_files: tailwindcss_oxide::scanner: enter
2025-11-24T03:40:23.031341Z  INFO get_files:scan_sources: tailwindcss_oxide::scanner: enter
2025-11-24T03:40:23.032368Z  INFO get_files:scan_sources: tailwindcss_oxide::scanner: Discovering "G:\\GitHub\\lotes-en-taganga\\app"
2025-11-24T03:40:23.032523Z  INFO get_files:scan_sources: tailwindcss_oxide::scanner: Discovering "G:\\GitHub\\lotes-en-taganga\\app\\components"
2025-11-24T03:40:23.033406Z  INFO get_files:scan_sources: tailwindcss_oxide::scanner: Discovering "G:\\GitHub\\lotes-en-taganga\\public"
2025-11-24T03:40:23.033623Z  INFO get_files:scan_sources: tailwindcss_oxide::scanner: Discovering "G:\\GitHub\\lotes-en-taganga\\public\\images"
2025-11-24T03:40:23.034543Z  INFO get_files:scan_sources: tailwindcss_oxide::scanner: exit
2025-11-24T03:40:23.034625Z  INFO get_files: tailwindcss_oxide::scanner: exit
2025-11-24T03:40:23.034695Z  INFO get_globs: tailwindcss_oxide::scanner: enter
2025-11-24T03:40:23.034702Z  INFO get_globs: tailwindcss_oxide::scanner: exit
2025-11-24T03:40:24.614223Z  INFO scan_sources: tailwindcss_oxide::scanner: enter
2025-11-24T03:40:24.615706Z  INFO scan_sources: tailwindcss_oxide::scanner: Discovering "G:\\GitHub\\lotes-en-taganga\\app"
2025-11-24T03:40:24.615882Z  INFO scan_sources: tailwindcss_oxide::scanner: Discovering "G:\\GitHub\\lotes-en-taganga\\app\\components"
2025-11-24T03:40:24.616078Z  INFO scan_sources: tailwindcss_oxide::scanner: Discovering "G:\\GitHub\\lotes-en-taganga\\app\\components\\Gallery.tsx"
2025-11-24T03:40:24.616814Z  INFO scan_sources: tailwindcss_oxide::scanner: Discovering "G:\\GitHub\\lotes-en-taganga\\public"
2025-11-24T03:40:24.617049Z  INFO scan_sources: tailwindcss_oxide::scanner: Discovering "G:\\GitHub\\lotes-en-taganga\\public\\images"
2025-11-24T03:40:24.617561Z  INFO scan_sources: tailwindcss_oxide::scanner: exit
2025-11-24T03:40:24.617575Z  INFO extract_candidates: tailwindcss_oxide::scanner: enter
2025-11-24T03:40:24.617582Z  INFO extract_candidates:read_all_files: tailwindcss_oxide::scanner: enter
2025-11-24T03:40:24.617586Z  INFO extract_candidates:read_all_files: tailwindcss_oxide::scanner: Reading 1 file(s)
2025-11-24T03:40:24.617673Z  INFO extract_candidates:read_all_files: tailwindcss_oxide::scanner: Reading "G:\\GitHub\\lotes-en-taganga\\app\\components\\Gallery.tsx"
2025-11-24T03:40:24.617685Z  INFO extract_candidates:read_all_files: tailwindcss_oxide::scanner: exit
2025-11-24T03:40:24.617690Z  INFO extract_candidates:parse_all_blobs: tailwindcss_oxide::scanner: enter
2025-11-24T03:40:24.617694Z  INFO extract_candidates:parse_all_blobs:extract: tailwindcss_oxide::scanner: enter
2025-11-24T03:40:24.617859Z  INFO extract_candidates:parse_all_blobs:extract: tailwindcss_oxide::scanner: exit
2025-11-24T03:40:24.617871Z  INFO extract_candidates:parse_all_blobs: tailwindcss_oxide::scanner: exit
2025-11-24T03:40:24.617966Z  INFO extract_candidates: tailwindcss_oxide::scanner: exit
2025-11-24T03:40:24.618137Z  INFO get_files: tailwindcss_oxide::scanner: enter
2025-11-24T03:40:24.618144Z  INFO get_files:scan_sources: tailwindcss_oxide::scanner: enter
2025-11-24T03:40:24.619433Z  INFO get_files:scan_sources: tailwindcss_oxide::scanner: Discovering "G:\\GitHub\\lotes-en-taganga\\app"
2025-11-24T03:40:24.619654Z  INFO get_files:scan_sources: tailwindcss_oxide::scanner: Discovering "G:\\GitHub\\lotes-en-taganga\\app\\components"
2025-11-24T03:40:24.620514Z  INFO get_files:scan_sources: tailwindcss_oxide::scanner: Discovering "G:\\GitHub\\lotes-en-taganga\\public"
2025-11-24T03:40:24.620763Z  INFO get_files:scan_sources: tailwindcss_oxide::scanner: Discovering "G:\\GitHub\\lotes-en-taganga\\public\\images"
2025-11-24T03:40:24.621204Z  INFO get_files:scan_sources: tailwindcss_oxide::scanner: exit
2025-11-24T03:40:24.621330Z  INFO get_files: tailwindcss_oxide::scanner: exit
2025-11-24T03:40:24.621400Z  INFO get_globs: tailwindcss_oxide::scanner: enter
2025-11-24T03:40:24.621407Z  INFO get_globs: tailwindcss_oxide::scanner: exit
2025-11-24T03:40:29.077073Z  INFO scan_sources: tailwindcss_oxide::scanner: enter
2025-11-24T03:40:29.078836Z  INFO scan_sources: tailwindcss_oxide::scanner: Discovering "G:\\GitHub\\lotes-en-taganga\\app"
2025-11-24T03:40:29.079014Z  INFO scan_sources: tailwindcss_oxide::scanner: Discovering "G:\\GitHub\\lotes-en-taganga\\app\\components"
2025-11-24T03:40:29.079187Z  INFO scan_sources: tailwindcss_oxide::scanner: Discovering "G:\\GitHub\\lotes-en-taganga\\app\\components\\Gallery.tsx"
2025-11-24T03:40:29.080193Z  INFO scan_sources: tailwindcss_oxide::scanner: Discovering "G:\\GitHub\\lotes-en-taganga\\public"
2025-11-24T03:40:29.080558Z  INFO scan_sources: tailwindcss_oxide::scanner: Discovering "G:\\GitHub\\lotes-en-taganga\\public\\images"
2025-11-24T03:40:29.081215Z  INFO scan_sources: tailwindcss_oxide::scanner: exit
2025-11-24T03:40:29.081232Z  INFO extract_candidates: tailwindcss_oxide::scanner: enter
2025-11-24T03:40:29.081239Z  INFO extract_candidates:read_all_files: tailwindcss_oxide::scanner: enter
2025-11-24T03:40:29.081243Z  INFO extract_candidates:read_all_files: tailwindcss_oxide::scanner: Reading 1 file(s)
2025-11-24T03:40:29.081356Z  INFO extract_candidates:read_all_files: tailwindcss_oxide::scanner: Reading "G:\\GitHub\\lotes-en-taganga\\app\\components\\Gallery.tsx"
2025-11-24T03:40:29.081371Z  INFO extract_candidates:read_all_files: tailwindcss_oxide::scanner: exit
2025-11-24T03:40:29.081377Z  INFO extract_candidates:parse_all_blobs: tailwindcss_oxide::scanner: enter
2025-11-24T03:40:29.081383Z  INFO extract_candidates:parse_all_blobs:extract: tailwindcss_oxide::scanner: enter
2025-11-24T03:40:29.081570Z  INFO extract_candidates:parse_all_blobs:extract: tailwindcss_oxide::scanner: exit
2025-11-24T03:40:29.081582Z  INFO extract_candidates:parse_all_blobs: tailwindcss_oxide::scanner: exit
2025-11-24T03:40:29.081616Z  INFO extract_candidates: tailwindcss_oxide::scanner: exit
2025-11-24T03:40:29.081881Z  INFO get_files: tailwindcss_oxide::scanner: enter
2025-11-24T03:40:29.081893Z  INFO get_files:scan_sources: tailwindcss_oxide::scanner: enter
2025-11-24T03:40:29.083664Z  INFO get_files:scan_sources: tailwindcss_oxide::scanner: Discovering "G:\\GitHub\\lotes-en-taganga\\app"
2025-11-24T03:40:29.084087Z  INFO get_files:scan_sources: tailwindcss_oxide::scanner: Discovering "G:\\GitHub\\lotes-en-taganga\\app\\components"
2025-11-24T03:40:29.085407Z  INFO get_files:scan_sources: tailwindcss_oxide::scanner: Discovering "G:\\GitHub\\lotes-en-taganga\\public"
2025-11-24T03:40:29.085658Z  INFO get_files:scan_sources: tailwindcss_oxide::scanner: Discovering "G:\\GitHub\\lotes-en-taganga\\public\\images"
2025-11-24T03:40:29.086105Z  INFO get_files:scan_sources: tailwindcss_oxide::scanner: exit
2025-11-24T03:40:29.086287Z  INFO get_files: tailwindcss_oxide::scanner: exit
2025-11-24T03:40:29.086417Z  INFO get_globs: tailwindcss_oxide::scanner: enter
2025-11-24T03:40:29.086424Z  INFO get_globs: tailwindcss_oxide::scanner: exit
2025-11-24T03:40:31.321857Z  INFO scan_sources: tailwindcss_oxide::scanner: enter
2025-11-24T03:40:31.323211Z  INFO scan_sources: tailwindcss_oxide::scanner: Discovering "G:\\GitHub\\lotes-en-taganga\\app"
2025-11-24T03:40:31.323377Z  INFO scan_sources: tailwindcss_oxide::scanner: Discovering "G:\\GitHub\\lotes-en-taganga\\app\\components"
2025-11-24T03:40:31.323611Z  INFO scan_sources: tailwindcss_oxide::scanner: Discovering "G:\\GitHub\\lotes-en-taganga\\app\\components\\Gallery.tsx"
2025-11-24T03:40:31.324346Z  INFO scan_sources: tailwindcss_oxide::scanner: Discovering "G:\\GitHub\\lotes-en-taganga\\public"
2025-11-24T03:40:31.324575Z  INFO scan_sources: tailwindcss_oxide::scanner: Discovering "G:\\GitHub\\lotes-en-taganga\\public\\images"
2025-11-24T03:40:31.324981Z  INFO scan_sources: tailwindcss_oxide::scanner: exit
2025-11-24T03:40:31.324990Z  INFO extract_candidates: tailwindcss_oxide::scanner: enter
2025-11-24T03:40:31.324995Z  INFO extract_candidates:read_all_files: tailwindcss_oxide::scanner: enter
2025-11-24T03:40:31.324998Z  INFO extract_candidates:read_all_files: tailwindcss_oxide::scanner: Reading 1 file(s)
2025-11-24T03:40:31.325060Z  INFO extract_candidates:read_all_files: tailwindcss_oxide::scanner: Reading "G:\\GitHub\\lotes-en-taganga\\app\\components\\Gallery.tsx"
2025-11-24T03:40:31.325070Z  INFO extract_candidates:read_all_files: tailwindcss_oxide::scanner: exit
2025-11-24T03:40:31.325074Z  INFO extract_candidates:parse_all_blobs: tailwindcss_oxide::scanner: enter
2025-11-24T03:40:31.325077Z  INFO extract_candidates:parse_all_blobs:extract: tailwindcss_oxide::scanner: enter
2025-11-24T03:40:31.325223Z  INFO extract_candidates:parse_all_blobs:extract: tailwindcss_oxide::scanner: exit
2025-11-24T03:40:31.325229Z  INFO extract_candidates:parse_all_blobs: tailwindcss_oxide::scanner: exit
2025-11-24T03:40:31.325357Z  INFO extract_candidates: tailwindcss_oxide::scanner: exit
2025-11-24T03:40:31.325484Z  INFO get_files: tailwindcss_oxide::scanner: enter
2025-11-24T03:40:31.325490Z  INFO get_files:scan_sources: tailwindcss_oxide::scanner: enter
2025-11-24T03:40:31.326455Z  INFO get_files:scan_sources: tailwindcss_oxide::scanner: Discovering "G:\\GitHub\\lotes-en-taganga\\app"
2025-11-24T03:40:31.326618Z  INFO get_files:scan_sources: tailwindcss_oxide::scanner: Discovering "G:\\GitHub\\lotes-en-taganga\\app\\components"
2025-11-24T03:40:31.327398Z  INFO get_files:scan_sources: tailwindcss_oxide::scanner: Discovering "G:\\GitHub\\lotes-en-taganga\\public"
2025-11-24T03:40:31.327615Z  INFO get_files:scan_sources: tailwindcss_oxide::scanner: Discovering "G:\\GitHub\\lotes-en-taganga\\public\\images"
2025-11-24T03:40:31.327972Z  INFO get_files:scan_sources: tailwindcss_oxide::scanner: exit
2025-11-24T03:40:31.328055Z  INFO get_files: tailwindcss_oxide::scanner: exit
2025-11-24T03:40:31.328116Z  INFO get_globs: tailwindcss_oxide::scanner: enter
2025-11-24T03:40:31.328122Z  INFO get_globs: tailwindcss_oxide::scanner: exit
2025-11-24T03:40:35.748690Z  INFO scan_sources: tailwindcss_oxide::scanner: enter
2025-11-24T03:40:35.750554Z  INFO scan_sources: tailwindcss_oxide::scanner: Discovering "G:\\GitHub\\lotes-en-taganga\\app"
2025-11-24T03:40:35.750726Z  INFO scan_sources: tailwindcss_oxide::scanner: Discovering "G:\\GitHub\\lotes-en-taganga\\app\\components"
2025-11-24T03:40:35.750902Z  INFO scan_sources: tailwindcss_oxide::scanner: Discovering "G:\\GitHub\\lotes-en-taganga\\app\\components\\Gallery.tsx"
2025-11-24T03:40:35.751612Z  INFO scan_sources: tailwindcss_oxide::scanner: Discovering "G:\\GitHub\\lotes-en-taganga\\public"
2025-11-24T03:40:35.751964Z  INFO scan_sources: tailwindcss_oxide::scanner: Discovering "G:\\GitHub\\lotes-en-taganga\\public\\images"
2025-11-24T03:40:35.752448Z  INFO scan_sources: tailwindcss_oxide::scanner: exit
2025-11-24T03:40:35.752460Z  INFO extract_candidates: tailwindcss_oxide::scanner: enter
2025-11-24T03:40:35.752466Z  INFO extract_candidates:read_all_files: tailwindcss_oxide::scanner: enter
2025-11-24T03:40:35.752470Z  INFO extract_candidates:read_all_files: tailwindcss_oxide::scanner: Reading 1 file(s)
2025-11-24T03:40:35.752547Z  INFO extract_candidates:read_all_files: tailwindcss_oxide::scanner: Reading "G:\\GitHub\\lotes-en-taganga\\app\\components\\Gallery.tsx"
2025-11-24T03:40:35.752559Z  INFO extract_candidates:read_all_files: tailwindcss_oxide::scanner: exit
2025-11-24T03:40:35.752564Z  INFO extract_candidates:parse_all_blobs: tailwindcss_oxide::scanner: enter
2025-11-24T03:40:35.752572Z  INFO extract_candidates:parse_all_blobs:extract: tailwindcss_oxide::scanner: enter
2025-11-24T03:40:35.752692Z  INFO extract_candidates:parse_all_blobs:extract: tailwindcss_oxide::scanner: exit
2025-11-24T03:40:35.752707Z  INFO extract_candidates:parse_all_blobs: tailwindcss_oxide::scanner: exit
2025-11-24T03:40:35.752800Z  INFO extract_candidates: tailwindcss_oxide::scanner: exit
2025-11-24T03:40:35.752945Z  INFO get_files: tailwindcss_oxide::scanner: enter
2025-11-24T03:40:35.752951Z  INFO get_files:scan_sources: tailwindcss_oxide::scanner: enter
2025-11-24T03:40:35.754055Z  INFO get_files:scan_sources: tailwindcss_oxide::scanner: Discovering "G:\\GitHub\\lotes-en-taganga\\app"
2025-11-24T03:40:35.754211Z  INFO get_files:scan_sources: tailwindcss_oxide::scanner: Discovering "G:\\GitHub\\lotes-en-taganga\\app\\components"
2025-11-24T03:40:35.755010Z  INFO get_files:scan_sources: tailwindcss_oxide::scanner: Discovering "G:\\GitHub\\lotes-en-taganga\\public"
2025-11-24T03:40:35.755219Z  INFO get_files:scan_sources: tailwindcss_oxide::scanner: Discovering "G:\\GitHub\\lotes-en-taganga\\public\\images"
2025-11-24T03:40:35.755575Z  INFO get_files:scan_sources: tailwindcss_oxide::scanner: exit
2025-11-24T03:40:35.755665Z  INFO get_files: tailwindcss_oxide::scanner: exit
2025-11-24T03:40:35.755722Z  INFO get_globs: tailwindcss_oxide::scanner: enter
2025-11-24T03:40:35.755728Z  INFO get_globs: tailwindcss_oxide::scanner: exit
2025-11-24T03:40:38.011946Z  INFO scan_sources: tailwindcss_oxide::scanner: enter
2025-11-24T03:40:38.013251Z  INFO scan_sources: tailwindcss_oxide::scanner: Discovering "G:\\GitHub\\lotes-en-taganga\\app"
2025-11-24T03:40:38.013418Z  INFO scan_sources: tailwindcss_oxide::scanner: Discovering "G:\\GitHub\\lotes-en-taganga\\app\\components"
2025-11-24T03:40:38.013594Z  INFO scan_sources: tailwindcss_oxide::scanner: Discovering "G:\\GitHub\\lotes-en-taganga\\app\\components\\Gallery.tsx"
2025-11-24T03:40:38.014296Z  INFO scan_sources: tailwindcss_oxide::scanner: Discovering "G:\\GitHub\\lotes-en-taganga\\public"
2025-11-24T03:40:38.014516Z  INFO scan_sources: tailwindcss_oxide::scanner: Discovering "G:\\GitHub\\lotes-en-taganga\\public\\images"
2025-11-24T03:40:38.014905Z  INFO scan_sources: tailwindcss_oxide::scanner: exit
2025-11-24T03:40:38.014915Z  INFO extract_candidates: tailwindcss_oxide::scanner: enter
2025-11-24T03:40:38.014919Z  INFO extract_candidates:read_all_files: tailwindcss_oxide::scanner: enter
2025-11-24T03:40:38.014923Z  INFO extract_candidates:read_all_files: tailwindcss_oxide::scanner: Reading 1 file(s)
2025-11-24T03:40:38.014985Z  INFO extract_candidates:read_all_files: tailwindcss_oxide::scanner: Reading "G:\\GitHub\\lotes-en-taganga\\app\\components\\Gallery.tsx"
2025-11-24T03:40:38.014994Z  INFO extract_candidates:read_all_files: tailwindcss_oxide::scanner: exit
2025-11-24T03:40:38.014999Z  INFO extract_candidates:parse_all_blobs: tailwindcss_oxide::scanner: enter
2025-11-24T03:40:38.015002Z  INFO extract_candidates:parse_all_blobs:extract: tailwindcss_oxide::scanner: enter
2025-11-24T03:40:38.015125Z  INFO extract_candidates:parse_all_blobs:extract: tailwindcss_oxide::scanner: exit
2025-11-24T03:40:38.015143Z  INFO extract_candidates:parse_all_blobs: tailwindcss_oxide::scanner: exit
2025-11-24T03:40:38.015223Z  INFO extract_candidates: tailwindcss_oxide::scanner: exit
2025-11-24T03:40:38.015389Z  INFO get_files: tailwindcss_oxide::scanner: enter
2025-11-24T03:40:38.015396Z  INFO get_files:scan_sources: tailwindcss_oxide::scanner: enter
2025-11-24T03:40:38.016577Z  INFO get_files:scan_sources: tailwindcss_oxide::scanner: Discovering "G:\\GitHub\\lotes-en-taganga\\app"
2025-11-24T03:40:38.016732Z  INFO get_files:scan_sources: tailwindcss_oxide::scanner: Discovering "G:\\GitHub\\lotes-en-taganga\\app\\components"
2025-11-24T03:40:38.017534Z  INFO get_files:scan_sources: tailwindcss_oxide::scanner: Discovering "G:\\GitHub\\lotes-en-taganga\\public"
2025-11-24T03:40:38.017741Z  INFO get_files:scan_sources: tailwindcss_oxide::scanner: Discovering "G:\\GitHub\\lotes-en-taganga\\public\\images"
2025-11-24T03:40:38.018102Z  INFO get_files:scan_sources: tailwindcss_oxide::scanner: exit
2025-11-24T03:40:38.018190Z  INFO get_files: tailwindcss_oxide::scanner: exit
2025-11-24T03:40:38.018248Z  INFO get_globs: tailwindcss_oxide::scanner: enter
2025-11-24T03:40:38.018254Z  INFO get_globs: tailwindcss_oxide::scanner: exit
2025-11-24T03:40:42.045530Z  INFO scan_sources: tailwindcss_oxide::scanner: enter
2025-11-24T03:40:42.046930Z  INFO scan_sources: tailwindcss_oxide::scanner: Discovering "G:\\GitHub\\lotes-en-taganga\\app"
2025-11-24T03:40:42.047165Z  INFO scan_sources: tailwindcss_oxide::scanner: Discovering "G:\\GitHub\\lotes-en-taganga\\app\\components"
2025-11-24T03:40:42.047362Z  INFO scan_sources: tailwindcss_oxide::scanner: Discovering "G:\\GitHub\\lotes-en-taganga\\app\\components\\Gallery.tsx"
2025-11-24T03:40:42.048077Z  INFO scan_sources: tailwindcss_oxide::scanner: Discovering "G:\\GitHub\\lotes-en-taganga\\public"
2025-11-24T03:40:42.048305Z  INFO scan_sources: tailwindcss_oxide::scanner: Discovering "G:\\GitHub\\lotes-en-taganga\\public\\images"
2025-11-24T03:40:42.048686Z  INFO scan_sources: tailwindcss_oxide::scanner: exit
2025-11-24T03:40:42.048695Z  INFO extract_candidates: tailwindcss_oxide::scanner: enter
2025-11-24T03:40:42.048700Z  INFO extract_candidates:read_all_files: tailwindcss_oxide::scanner: enter
2025-11-24T03:40:42.048704Z  INFO extract_candidates:read_all_files: tailwindcss_oxide::scanner: Reading 1 file(s)
2025-11-24T03:40:42.048767Z  INFO extract_candidates:read_all_files: tailwindcss_oxide::scanner: Reading "G:\\GitHub\\lotes-en-taganga\\app\\components\\Gallery.tsx"
2025-11-24T03:40:42.048777Z  INFO extract_candidates:read_all_files: tailwindcss_oxide::scanner: exit
2025-11-24T03:40:42.048782Z  INFO extract_candidates:parse_all_blobs: tailwindcss_oxide::scanner: enter
2025-11-24T03:40:42.048785Z  INFO extract_candidates:parse_all_blobs:extract: tailwindcss_oxide::scanner: enter
2025-11-24T03:40:42.048929Z  INFO extract_candidates:parse_all_blobs:extract: tailwindcss_oxide::scanner: exit
2025-11-24T03:40:42.048938Z  INFO extract_candidates:parse_all_blobs: tailwindcss_oxide::scanner: exit
2025-11-24T03:40:42.049043Z  INFO extract_candidates: tailwindcss_oxide::scanner: exit
2025-11-24T03:40:42.049236Z  INFO get_files: tailwindcss_oxide::scanner: enter
2025-11-24T03:40:42.049244Z  INFO get_files:scan_sources: tailwindcss_oxide::scanner: enter
2025-11-24T03:40:42.050463Z  INFO get_files:scan_sources: tailwindcss_oxide::scanner: Discovering "G:\\GitHub\\lotes-en-taganga\\app"
2025-11-24T03:40:42.050619Z  INFO get_files:scan_sources: tailwindcss_oxide::scanner: Discovering "G:\\GitHub\\lotes-en-taganga\\app\\components"
2025-11-24T03:40:42.051414Z  INFO get_files:scan_sources: tailwindcss_oxide::scanner: Discovering "G:\\GitHub\\lotes-en-taganga\\public"
2025-11-24T03:40:42.051622Z  INFO get_files:scan_sources: tailwindcss_oxide::scanner: Discovering "G:\\GitHub\\lotes-en-taganga\\public\\images"
2025-11-24T03:40:42.051983Z  INFO get_files:scan_sources: tailwindcss_oxide::scanner: exit
2025-11-24T03:40:42.052109Z  INFO get_files: tailwindcss_oxide::scanner: exit
2025-11-24T03:40:42.052165Z  INFO get_globs: tailwindcss_oxide::scanner: enter
2025-11-24T03:40:42.052171Z  INFO get_globs: tailwindcss_oxide::scanner: exit
2025-11-24T03:40:44.610020Z  INFO scan_sources: tailwindcss_oxide::scanner: enter
2025-11-24T03:40:44.611410Z  INFO scan_sources: tailwindcss_oxide::scanner: Discovering "G:\\GitHub\\lotes-en-taganga\\app"
2025-11-24T03:40:44.611573Z  INFO scan_sources: tailwindcss_oxide::scanner: Discovering "G:\\GitHub\\lotes-en-taganga\\app\\components"
2025-11-24T03:40:44.611743Z  INFO scan_sources: tailwindcss_oxide::scanner: Discovering "G:\\GitHub\\lotes-en-taganga\\app\\components\\Gallery.tsx"
2025-11-24T03:40:44.612449Z  INFO scan_sources: tailwindcss_oxide::scanner: Discovering "G:\\GitHub\\lotes-en-taganga\\public"
2025-11-24T03:40:44.612670Z  INFO scan_sources: tailwindcss_oxide::scanner: Discovering "G:\\GitHub\\lotes-en-taganga\\public\\images"
2025-11-24T03:40:44.613128Z  INFO scan_sources: tailwindcss_oxide::scanner: exit
2025-11-24T03:40:44.613141Z  INFO extract_candidates: tailwindcss_oxide::scanner: enter
2025-11-24T03:40:44.613147Z  INFO extract_candidates:read_all_files: tailwindcss_oxide::scanner: enter
2025-11-24T03:40:44.613150Z  INFO extract_candidates:read_all_files: tailwindcss_oxide::scanner: Reading 1 file(s)
2025-11-24T03:40:44.613229Z  INFO extract_candidates:read_all_files: tailwindcss_oxide::scanner: Reading "G:\\GitHub\\lotes-en-taganga\\app\\components\\Gallery.tsx"
2025-11-24T03:40:44.613238Z  INFO extract_candidates:read_all_files: tailwindcss_oxide::scanner: exit
2025-11-24T03:40:44.613243Z  INFO extract_candidates:parse_all_blobs: tailwindcss_oxide::scanner: enter
2025-11-24T03:40:44.613246Z  INFO extract_candidates:parse_all_blobs:extract: tailwindcss_oxide::scanner: enter
2025-11-24T03:40:44.613383Z  INFO extract_candidates:parse_all_blobs:extract: tailwindcss_oxide::scanner: exit
2025-11-24T03:40:44.613392Z  INFO extract_candidates:parse_all_blobs: tailwindcss_oxide::scanner: exit
2025-11-24T03:40:44.613467Z  INFO extract_candidates: tailwindcss_oxide::scanner: exit
2025-11-24T03:40:44.613635Z  INFO get_files: tailwindcss_oxide::scanner: enter
2025-11-24T03:40:44.613641Z  INFO get_files:scan_sources: tailwindcss_oxide::scanner: enter
2025-11-24T03:40:44.614724Z  INFO get_files:scan_sources: tailwindcss_oxide::scanner: Discovering "G:\\GitHub\\lotes-en-taganga\\app"
2025-11-24T03:40:44.614888Z  INFO get_files:scan_sources: tailwindcss_oxide::scanner: Discovering "G:\\GitHub\\lotes-en-taganga\\app\\components"
2025-11-24T03:40:44.615720Z  INFO get_files:scan_sources: tailwindcss_oxide::scanner: Discovering "G:\\GitHub\\lotes-en-taganga\\public"
2025-11-24T03:40:44.615933Z  INFO get_files:scan_sources: tailwindcss_oxide::scanner: Discovering "G:\\GitHub\\lotes-en-taganga\\public\\images"
2025-11-24T03:40:44.616306Z  INFO get_files:scan_sources: tailwindcss_oxide::scanner: exit
2025-11-24T03:40:44.616402Z  INFO get_files: tailwindcss_oxide::scanner: exit
2025-11-24T03:40:44.616464Z  INFO get_globs: tailwindcss_oxide::scanner: enter
2025-11-24T03:40:44.616470Z  INFO get_globs: tailwindcss_oxide::scanner: exit
2025-11-24T03:40:46.276789Z  INFO scan_sources: tailwindcss_oxide::scanner: enter
2025-11-24T03:40:46.278249Z  INFO scan_sources: tailwindcss_oxide::scanner: Discovering "G:\\GitHub\\lotes-en-taganga\\app"
2025-11-24T03:40:46.278480Z  INFO scan_sources: tailwindcss_oxide::scanner: Discovering "G:\\GitHub\\lotes-en-taganga\\app\\components"
2025-11-24T03:40:46.278657Z  INFO scan_sources: tailwindcss_oxide::scanner: Discovering "G:\\GitHub\\lotes-en-taganga\\app\\components\\Gallery.tsx"
2025-11-24T03:40:46.279371Z  INFO scan_sources: tailwindcss_oxide::scanner: Discovering "G:\\GitHub\\lotes-en-taganga\\public"
2025-11-24T03:40:46.279594Z  INFO scan_sources: tailwindcss_oxide::scanner: Discovering "G:\\GitHub\\lotes-en-taganga\\public\\images"
2025-11-24T03:40:46.280153Z  INFO scan_sources: tailwindcss_oxide::scanner: exit
2025-11-24T03:40:46.280167Z  INFO extract_candidates: tailwindcss_oxide::scanner: enter
2025-11-24T03:40:46.280173Z  INFO extract_candidates:read_all_files: tailwindcss_oxide::scanner: enter
2025-11-24T03:40:46.280177Z  INFO extract_candidates:read_all_files: tailwindcss_oxide::scanner: Reading 1 file(s)
2025-11-24T03:40:46.280256Z  INFO extract_candidates:read_all_files: tailwindcss_oxide::scanner: Reading "G:\\GitHub\\lotes-en-taganga\\app\\components\\Gallery.tsx"
2025-11-24T03:40:46.280267Z  INFO extract_candidates:read_all_files: tailwindcss_oxide::scanner: exit
2025-11-24T03:40:46.280273Z  INFO extract_candidates:parse_all_blobs: tailwindcss_oxide::scanner: enter
2025-11-24T03:40:46.280277Z  INFO extract_candidates:parse_all_blobs:extract: tailwindcss_oxide::scanner: enter
2025-11-24T03:40:46.280425Z  INFO extract_candidates:parse_all_blobs:extract: tailwindcss_oxide::scanner: exit
2025-11-24T03:40:46.280437Z  INFO extract_candidates:parse_all_blobs: tailwindcss_oxide::scanner: exit
2025-11-24T03:40:46.280636Z  INFO extract_candidates: tailwindcss_oxide::scanner: exit
2025-11-24T03:40:46.280831Z  INFO get_files: tailwindcss_oxide::scanner: enter
2025-11-24T03:40:46.280839Z  INFO get_files:scan_sources: tailwindcss_oxide::scanner: enter
2025-11-24T03:40:46.281890Z  INFO get_files:scan_sources: tailwindcss_oxide::scanner: Discovering "G:\\GitHub\\lotes-en-taganga\\app"
2025-11-24T03:40:46.282048Z  INFO get_files:scan_sources: tailwindcss_oxide::scanner: Discovering "G:\\GitHub\\lotes-en-taganga\\app\\components"
2025-11-24T03:40:46.282866Z  INFO get_files:scan_sources: tailwindcss_oxide::scanner: Discovering "G:\\GitHub\\lotes-en-taganga\\public"
2025-11-24T03:40:46.283077Z  INFO get_files:scan_sources: tailwindcss_oxide::scanner: Discovering "G:\\GitHub\\lotes-en-taganga\\public\\images"
2025-11-24T03:40:46.283440Z  INFO get_files:scan_sources: tailwindcss_oxide::scanner: exit
2025-11-24T03:40:46.283535Z  INFO get_files: tailwindcss_oxide::scanner: exit
2025-11-24T03:40:46.283626Z  INFO get_globs: tailwindcss_oxide::scanner: enter
2025-11-24T03:40:46.283634Z  INFO get_globs: tailwindcss_oxide::scanner: exit
2025-11-24T03:40:48.543337Z  INFO scan_sources: tailwindcss_oxide::scanner: enter
2025-11-24T03:40:48.544930Z  INFO scan_sources: tailwindcss_oxide::scanner: Discovering "G:\\GitHub\\lotes-en-taganga\\app"
2025-11-24T03:40:48.545101Z  INFO scan_sources: tailwindcss_oxide::scanner: Discovering "G:\\GitHub\\lotes-en-taganga\\app\\components"
2025-11-24T03:40:48.545277Z  INFO scan_sources: tailwindcss_oxide::scanner: Discovering "G:\\GitHub\\lotes-en-taganga\\app\\components\\Gallery.tsx"
2025-11-24T03:40:48.545993Z  INFO scan_sources: tailwindcss_oxide::scanner: Discovering "G:\\GitHub\\lotes-en-taganga\\public"
2025-11-24T03:40:48.546213Z  INFO scan_sources: tailwindcss_oxide::scanner: Discovering "G:\\GitHub\\lotes-en-taganga\\public\\images"
2025-11-24T03:40:48.546603Z  INFO scan_sources: tailwindcss_oxide::scanner: exit
2025-11-24T03:40:48.546614Z  INFO extract_candidates: tailwindcss_oxide::scanner: enter
2025-11-24T03:40:48.546619Z  INFO extract_candidates:read_all_files: tailwindcss_oxide::scanner: enter
2025-11-24T03:40:48.546622Z  INFO extract_candidates:read_all_files: tailwindcss_oxide::scanner: Reading 1 file(s)
2025-11-24T03:40:48.546692Z  INFO extract_candidates:read_all_files: tailwindcss_oxide::scanner: Reading "G:\\GitHub\\lotes-en-taganga\\app\\components\\Gallery.tsx"
2025-11-24T03:40:48.546702Z  INFO extract_candidates:read_all_files: tailwindcss_oxide::scanner: exit
2025-11-24T03:40:48.546706Z  INFO extract_candidates:parse_all_blobs: tailwindcss_oxide::scanner: enter
2025-11-24T03:40:48.546710Z  INFO extract_candidates:parse_all_blobs:extract: tailwindcss_oxide::scanner: enter
2025-11-24T03:40:48.546867Z  INFO extract_candidates:parse_all_blobs:extract: tailwindcss_oxide::scanner: exit
2025-11-24T03:40:48.546881Z  INFO extract_candidates:parse_all_blobs: tailwindcss_oxide::scanner: exit
2025-11-24T03:40:48.546951Z  INFO extract_candidates: tailwindcss_oxide::scanner: exit
2025-11-24T03:40:48.547145Z  INFO get_files: tailwindcss_oxide::scanner: enter
2025-11-24T03:40:48.547151Z  INFO get_files:scan_sources: tailwindcss_oxide::scanner: enter
2025-11-24T03:40:48.548226Z  INFO get_files:scan_sources: tailwindcss_oxide::scanner: Discovering "G:\\GitHub\\lotes-en-taganga\\app"
2025-11-24T03:40:48.548386Z  INFO get_files:scan_sources: tailwindcss_oxide::scanner: Discovering "G:\\GitHub\\lotes-en-taganga\\app\\components"
2025-11-24T03:40:48.549233Z  INFO get_files:scan_sources: tailwindcss_oxide::scanner: Discovering "G:\\GitHub\\lotes-en-taganga\\public"
2025-11-24T03:40:48.549589Z  INFO get_files:scan_sources: tailwindcss_oxide::scanner: Discovering "G:\\GitHub\\lotes-en-taganga\\public\\images"
2025-11-24T03:40:48.550061Z  INFO get_files:scan_sources: tailwindcss_oxide::scanner: exit
2025-11-24T03:40:48.550186Z  INFO get_files: tailwindcss_oxide::scanner: exit
2025-11-24T03:40:48.550308Z  INFO get_globs: tailwindcss_oxide::scanner: enter
2025-11-24T03:40:48.550326Z  INFO get_globs: tailwindcss_oxide::scanner: exit
2025-11-24T03:40:51.716748Z  INFO scan_sources: tailwindcss_oxide::scanner: enter
2025-11-24T03:40:51.718208Z  INFO scan_sources: tailwindcss_oxide::scanner: Discovering "G:\\GitHub\\lotes-en-taganga\\app"
2025-11-24T03:40:51.718399Z  INFO scan_sources: tailwindcss_oxide::scanner: Discovering "G:\\GitHub\\lotes-en-taganga\\app\\components"
2025-11-24T03:40:51.718576Z  INFO scan_sources: tailwindcss_oxide::scanner: Discovering "G:\\GitHub\\lotes-en-taganga\\app\\components\\Gallery.tsx"
2025-11-24T03:40:51.719294Z  INFO scan_sources: tailwindcss_oxide::scanner: Discovering "G:\\GitHub\\lotes-en-taganga\\public"
2025-11-24T03:40:51.719527Z  INFO scan_sources: tailwindcss_oxide::scanner: Discovering "G:\\GitHub\\lotes-en-taganga\\public\\images"
2025-11-24T03:40:51.719930Z  INFO scan_sources: tailwindcss_oxide::scanner: exit
2025-11-24T03:40:51.719939Z  INFO extract_candidates: tailwindcss_oxide::scanner: enter
2025-11-24T03:40:51.719944Z  INFO extract_candidates:read_all_files: tailwindcss_oxide::scanner: enter
2025-11-24T03:40:51.719948Z  INFO extract_candidates:read_all_files: tailwindcss_oxide::scanner: Reading 1 file(s)
2025-11-24T03:40:51.720012Z  INFO extract_candidates:read_all_files: tailwindcss_oxide::scanner: Reading "G:\\GitHub\\lotes-en-taganga\\app\\components\\Gallery.tsx"
2025-11-24T03:40:51.720022Z  INFO extract_candidates:read_all_files: tailwindcss_oxide::scanner: exit
2025-11-24T03:40:51.720026Z  INFO extract_candidates:parse_all_blobs: tailwindcss_oxide::scanner: enter
2025-11-24T03:40:51.720030Z  INFO extract_candidates:parse_all_blobs:extract: tailwindcss_oxide::scanner: enter
2025-11-24T03:40:51.720245Z  INFO extract_candidates:parse_all_blobs:extract: tailwindcss_oxide::scanner: exit
2025-11-24T03:40:51.720261Z  INFO extract_candidates:parse_all_blobs: tailwindcss_oxide::scanner: exit
2025-11-24T03:40:51.720342Z  INFO extract_candidates: tailwindcss_oxide::scanner: exit
2025-11-24T03:40:51.720553Z  INFO get_files: tailwindcss_oxide::scanner: enter
2025-11-24T03:40:51.720560Z  INFO get_files:scan_sources: tailwindcss_oxide::scanner: enter
2025-11-24T03:40:51.721761Z  INFO get_files:scan_sources: tailwindcss_oxide::scanner: Discovering "G:\\GitHub\\lotes-en-taganga\\app"
2025-11-24T03:40:51.721919Z  INFO get_files:scan_sources: tailwindcss_oxide::scanner: Discovering "G:\\GitHub\\lotes-en-taganga\\app\\components"
2025-11-24T03:40:51.722736Z  INFO get_files:scan_sources: tailwindcss_oxide::scanner: Discovering "G:\\GitHub\\lotes-en-taganga\\public"
2025-11-24T03:40:51.722947Z  INFO get_files:scan_sources: tailwindcss_oxide::scanner: Discovering "G:\\GitHub\\lotes-en-taganga\\public\\images"
2025-11-24T03:40:51.723313Z  INFO get_files:scan_sources: tailwindcss_oxide::scanner: exit
2025-11-24T03:40:51.723416Z  INFO get_files: tailwindcss_oxide::scanner: exit
2025-11-24T03:40:51.723484Z  INFO get_globs: tailwindcss_oxide::scanner: enter
2025-11-24T03:40:51.723490Z  INFO get_globs: tailwindcss_oxide::scanner: exit
2025-11-24T03:40:58.662991Z  INFO scan_sources: tailwindcss_oxide::scanner: enter
2025-11-24T03:40:58.664355Z  INFO scan_sources: tailwindcss_oxide::scanner: Discovering "G:\\GitHub\\lotes-en-taganga\\app"
2025-11-24T03:40:58.664523Z  INFO scan_sources: tailwindcss_oxide::scanner: Discovering "G:\\GitHub\\lotes-en-taganga\\app\\components"
2025-11-24T03:40:58.664696Z  INFO scan_sources: tailwindcss_oxide::scanner: Discovering "G:\\GitHub\\lotes-en-taganga\\app\\components\\Gallery.tsx"
2025-11-24T03:40:58.665470Z  INFO scan_sources: tailwindcss_oxide::scanner: Discovering "G:\\GitHub\\lotes-en-taganga\\public"
2025-11-24T03:40:58.665688Z  INFO scan_sources: tailwindcss_oxide::scanner: Discovering "G:\\GitHub\\lotes-en-taganga\\public\\images"
2025-11-24T03:40:58.666091Z  INFO scan_sources: tailwindcss_oxide::scanner: exit
2025-11-24T03:40:58.666101Z  INFO extract_candidates: tailwindcss_oxide::scanner: enter
2025-11-24T03:40:58.666105Z  INFO extract_candidates:read_all_files: tailwindcss_oxide::scanner: enter
2025-11-24T03:40:58.666113Z  INFO extract_candidates:read_all_files: tailwindcss_oxide::scanner: Reading 1 file(s)
2025-11-24T03:40:58.666178Z  INFO extract_candidates:read_all_files: tailwindcss_oxide::scanner: Reading "G:\\GitHub\\lotes-en-taganga\\app\\components\\Gallery.tsx"
2025-11-24T03:40:58.666187Z  INFO extract_candidates:read_all_files: tailwindcss_oxide::scanner: exit
2025-11-24T03:40:58.666191Z  INFO extract_candidates:parse_all_blobs: tailwindcss_oxide::scanner: enter
2025-11-24T03:40:58.666195Z  INFO extract_candidates:parse_all_blobs:extract: tailwindcss_oxide::scanner: enter
2025-11-24T03:40:58.666323Z  INFO extract_candidates:parse_all_blobs:extract: tailwindcss_oxide::scanner: exit
2025-11-24T03:40:58.666333Z  INFO extract_candidates:parse_all_blobs: tailwindcss_oxide::scanner: exit
2025-11-24T03:40:58.666497Z  INFO extract_candidates: tailwindcss_oxide::scanner: exit
2025-11-24T03:40:58.666706Z  INFO get_files: tailwindcss_oxide::scanner: enter
2025-11-24T03:40:58.666718Z  INFO get_files:scan_sources: tailwindcss_oxide::scanner: enter
2025-11-24T03:40:58.667889Z  INFO get_files:scan_sources: tailwindcss_oxide::scanner: Discovering "G:\\GitHub\\lotes-en-taganga\\app"
2025-11-24T03:40:58.668047Z  INFO get_files:scan_sources: tailwindcss_oxide::scanner: Discovering "G:\\GitHub\\lotes-en-taganga\\app\\components"
2025-11-24T03:40:58.668937Z  INFO get_files:scan_sources: tailwindcss_oxide::scanner: Discovering "G:\\GitHub\\lotes-en-taganga\\public"
2025-11-24T03:40:58.669156Z  INFO get_files:scan_sources: tailwindcss_oxide::scanner: Discovering "G:\\GitHub\\lotes-en-taganga\\public\\images"
2025-11-24T03:40:58.669532Z  INFO get_files:scan_sources: tailwindcss_oxide::scanner: exit
2025-11-24T03:40:58.669676Z  INFO get_files: tailwindcss_oxide::scanner: exit
2025-11-24T03:40:58.669762Z  INFO get_globs: tailwindcss_oxide::scanner: enter
2025-11-24T03:40:58.669770Z  INFO get_globs: tailwindcss_oxide::scanner: exit
2025-11-24T03:41:59.854976Z  INFO scan_sources: tailwindcss_oxide::scanner: enter
2025-11-24T03:41:59.856490Z  INFO scan_sources: tailwindcss_oxide::scanner: Discovering "G:\\GitHub\\lotes-en-taganga\\app"
2025-11-24T03:41:59.856679Z  INFO scan_sources: tailwindcss_oxide::scanner: Discovering "G:\\GitHub\\lotes-en-taganga\\app\\components"
2025-11-24T03:41:59.856857Z  INFO scan_sources: tailwindcss_oxide::scanner: Discovering "G:\\GitHub\\lotes-en-taganga\\app\\components\\Gallery.tsx"
2025-11-24T03:41:59.857570Z  INFO scan_sources: tailwindcss_oxide::scanner: Discovering "G:\\GitHub\\lotes-en-taganga\\public"
2025-11-24T03:41:59.857802Z  INFO scan_sources: tailwindcss_oxide::scanner: Discovering "G:\\GitHub\\lotes-en-taganga\\public\\images"
2025-11-24T03:41:59.858192Z  INFO scan_sources: tailwindcss_oxide::scanner: exit
2025-11-24T03:41:59.858202Z  INFO extract_candidates: tailwindcss_oxide::scanner: enter
2025-11-24T03:41:59.858207Z  INFO extract_candidates:read_all_files: tailwindcss_oxide::scanner: enter
2025-11-24T03:41:59.858210Z  INFO extract_candidates:read_all_files: tailwindcss_oxide::scanner: Reading 1 file(s)
2025-11-24T03:41:59.858280Z  INFO extract_candidates:read_all_files: tailwindcss_oxide::scanner: Reading "G:\\GitHub\\lotes-en-taganga\\app\\components\\Gallery.tsx"
2025-11-24T03:41:59.858291Z  INFO extract_candidates:read_all_files: tailwindcss_oxide::scanner: exit
2025-11-24T03:41:59.858295Z  INFO extract_candidates:parse_all_blobs: tailwindcss_oxide::scanner: enter
2025-11-24T03:41:59.858299Z  INFO extract_candidates:parse_all_blobs:extract: tailwindcss_oxide::scanner: enter
2025-11-24T03:41:59.858440Z  INFO extract_candidates:parse_all_blobs:extract: tailwindcss_oxide::scanner: exit
2025-11-24T03:41:59.858450Z  INFO extract_candidates:parse_all_blobs: tailwindcss_oxide::scanner: exit
2025-11-24T03:41:59.858520Z  INFO extract_candidates: tailwindcss_oxide::scanner: exit
2025-11-24T03:41:59.858779Z  INFO get_files: tailwindcss_oxide::scanner: enter
2025-11-24T03:41:59.858789Z  INFO get_files:scan_sources: tailwindcss_oxide::scanner: enter
2025-11-24T03:41:59.859885Z  INFO get_files:scan_sources: tailwindcss_oxide::scanner: Discovering "G:\\GitHub\\lotes-en-taganga\\app"
2025-11-24T03:41:59.860050Z  INFO get_files:scan_sources: tailwindcss_oxide::scanner: Discovering "G:\\GitHub\\lotes-en-taganga\\app\\components"
2025-11-24T03:41:59.860880Z  INFO get_files:scan_sources: tailwindcss_oxide::scanner: Discovering "G:\\GitHub\\lotes-en-taganga\\public"
2025-11-24T03:41:59.861096Z  INFO get_files:scan_sources: tailwindcss_oxide::scanner: Discovering "G:\\GitHub\\lotes-en-taganga\\public\\images"
2025-11-24T03:41:59.861462Z  INFO get_files:scan_sources: tailwindcss_oxide::scanner: exit
2025-11-24T03:41:59.861565Z  INFO get_files: tailwindcss_oxide::scanner: exit
2025-11-24T03:41:59.861634Z  INFO get_globs: tailwindcss_oxide::scanner: enter
2025-11-24T03:41:59.861640Z  INFO get_globs: tailwindcss_oxide::scanner: exit
2025-11-24T03:42:06.441853Z  INFO scan_sources: tailwindcss_oxide::scanner: enter
2025-11-24T03:42:06.443343Z  INFO scan_sources: tailwindcss_oxide::scanner: Discovering "G:\\GitHub\\lotes-en-taganga\\app"
2025-11-24T03:42:06.443588Z  INFO scan_sources: tailwindcss_oxide::scanner: Discovering "G:\\GitHub\\lotes-en-taganga\\app\\components"
2025-11-24T03:42:06.443773Z  INFO scan_sources: tailwindcss_oxide::scanner: Discovering "G:\\GitHub\\lotes-en-taganga\\app\\components\\Gallery.tsx"
2025-11-24T03:42:06.444488Z  INFO scan_sources: tailwindcss_oxide::scanner: Discovering "G:\\GitHub\\lotes-en-taganga\\public"
2025-11-24T03:42:06.444713Z  INFO scan_sources: tailwindcss_oxide::scanner: Discovering "G:\\GitHub\\lotes-en-taganga\\public\\images"
2025-11-24T03:42:06.445178Z  INFO scan_sources: tailwindcss_oxide::scanner: exit
2025-11-24T03:42:06.445191Z  INFO extract_candidates: tailwindcss_oxide::scanner: enter
2025-11-24T03:42:06.445196Z  INFO extract_candidates:read_all_files: tailwindcss_oxide::scanner: enter
2025-11-24T03:42:06.445199Z  INFO extract_candidates:read_all_files: tailwindcss_oxide::scanner: Reading 1 file(s)
2025-11-24T03:42:06.445280Z  INFO extract_candidates:read_all_files: tailwindcss_oxide::scanner: Reading "G:\\GitHub\\lotes-en-taganga\\app\\components\\Gallery.tsx"
2025-11-24T03:42:06.445290Z  INFO extract_candidates:read_all_files: tailwindcss_oxide::scanner: exit
2025-11-24T03:42:06.445294Z  INFO extract_candidates:parse_all_blobs: tailwindcss_oxide::scanner: enter
2025-11-24T03:42:06.445298Z  INFO extract_candidates:parse_all_blobs:extract: tailwindcss_oxide::scanner: enter
2025-11-24T03:42:06.445443Z  INFO extract_candidates:parse_all_blobs:extract: tailwindcss_oxide::scanner: exit
2025-11-24T03:42:06.445452Z  INFO extract_candidates:parse_all_blobs: tailwindcss_oxide::scanner: exit
2025-11-24T03:42:06.445532Z  INFO extract_candidates: tailwindcss_oxide::scanner: exit
2025-11-24T03:42:06.445889Z  INFO get_files: tailwindcss_oxide::scanner: enter
2025-11-24T03:42:06.445899Z  INFO get_files:scan_sources: tailwindcss_oxide::scanner: enter
2025-11-24T03:42:06.447009Z  INFO get_files:scan_sources: tailwindcss_oxide::scanner: Discovering "G:\\GitHub\\lotes-en-taganga\\app"
2025-11-24T03:42:06.447169Z  INFO get_files:scan_sources: tailwindcss_oxide::scanner: Discovering "G:\\GitHub\\lotes-en-taganga\\app\\components"
2025-11-24T03:42:06.448020Z  INFO get_files:scan_sources: tailwindcss_oxide::scanner: Discovering "G:\\GitHub\\lotes-en-taganga\\public"
2025-11-24T03:42:06.448239Z  INFO get_files:scan_sources: tailwindcss_oxide::scanner: Discovering "G:\\GitHub\\lotes-en-taganga\\public\\images"
2025-11-24T03:42:06.448625Z  INFO get_files:scan_sources: tailwindcss_oxide::scanner: exit
2025-11-24T03:42:06.448735Z  INFO get_files: tailwindcss_oxide::scanner: exit
2025-11-24T03:42:06.448823Z  INFO get_globs: tailwindcss_oxide::scanner: enter
2025-11-24T03:42:06.448830Z  INFO get_globs: tailwindcss_oxide::scanner: exit
2025-11-24T03:42:10.099647Z  INFO scan_sources: tailwindcss_oxide::scanner: enter
2025-11-24T03:42:10.101143Z  INFO scan_sources: tailwindcss_oxide::scanner: Discovering "G:\\GitHub\\lotes-en-taganga\\app"
2025-11-24T03:42:10.101311Z  INFO scan_sources: tailwindcss_oxide::scanner: Discovering "G:\\GitHub\\lotes-en-taganga\\app\\components"
2025-11-24T03:42:10.101497Z  INFO scan_sources: tailwindcss_oxide::scanner: Discovering "G:\\GitHub\\lotes-en-taganga\\app\\components\\Gallery.tsx"
2025-11-24T03:42:10.102215Z  INFO scan_sources: tailwindcss_oxide::scanner: Discovering "G:\\GitHub\\lotes-en-taganga\\public"
2025-11-24T03:42:10.102434Z  INFO scan_sources: tailwindcss_oxide::scanner: Discovering "G:\\GitHub\\lotes-en-taganga\\public\\images"
2025-11-24T03:42:10.102824Z  INFO scan_sources: tailwindcss_oxide::scanner: exit
2025-11-24T03:42:10.102834Z  INFO extract_candidates: tailwindcss_oxide::scanner: enter
2025-11-24T03:42:10.102839Z  INFO extract_candidates:read_all_files: tailwindcss_oxide::scanner: enter
2025-11-24T03:42:10.102843Z  INFO extract_candidates:read_all_files: tailwindcss_oxide::scanner: Reading 1 file(s)
2025-11-24T03:42:10.102905Z  INFO extract_candidates:read_all_files: tailwindcss_oxide::scanner: Reading "G:\\GitHub\\lotes-en-taganga\\app\\components\\Gallery.tsx"
2025-11-24T03:42:10.102915Z  INFO extract_candidates:read_all_files: tailwindcss_oxide::scanner: exit
2025-11-24T03:42:10.102920Z  INFO extract_candidates:parse_all_blobs: tailwindcss_oxide::scanner: enter
2025-11-24T03:42:10.102923Z  INFO extract_candidates:parse_all_blobs:extract: tailwindcss_oxide::scanner: enter
2025-11-24T03:42:10.103101Z  INFO extract_candidates:parse_all_blobs:extract: tailwindcss_oxide::scanner: exit
2025-11-24T03:42:10.103111Z  INFO extract_candidates:parse_all_blobs: tailwindcss_oxide::scanner: exit
2025-11-24T03:42:10.103198Z  INFO extract_candidates: tailwindcss_oxide::scanner: exit
2025-11-24T03:42:10.103384Z  INFO get_files: tailwindcss_oxide::scanner: enter
2025-11-24T03:42:10.103393Z  INFO get_files:scan_sources: tailwindcss_oxide::scanner: enter
2025-11-24T03:42:10.104532Z  INFO get_files:scan_sources: tailwindcss_oxide::scanner: Discovering "G:\\GitHub\\lotes-en-taganga\\app"
2025-11-24T03:42:10.104689Z  INFO get_files:scan_sources: tailwindcss_oxide::scanner: Discovering "G:\\GitHub\\lotes-en-taganga\\app\\components"
2025-11-24T03:42:10.105555Z  INFO get_files:scan_sources: tailwindcss_oxide::scanner: Discovering "G:\\GitHub\\lotes-en-taganga\\public"
2025-11-24T03:42:10.105769Z  INFO get_files:scan_sources: tailwindcss_oxide::scanner: Discovering "G:\\GitHub\\lotes-en-taganga\\public\\images"
2025-11-24T03:42:10.106136Z  INFO get_files:scan_sources: tailwindcss_oxide::scanner: exit
2025-11-24T03:42:10.106263Z  INFO get_files: tailwindcss_oxide::scanner: exit
2025-11-24T03:42:10.106328Z  INFO get_globs: tailwindcss_oxide::scanner: enter
2025-11-24T03:42:10.106334Z  INFO get_globs: tailwindcss_oxide::scanner: exit
2025-11-24T03:42:11.778081Z  INFO scan_sources: tailwindcss_oxide::scanner: enter
2025-11-24T03:42:11.779584Z  INFO scan_sources: tailwindcss_oxide::scanner: Discovering "G:\\GitHub\\lotes-en-taganga\\app"
2025-11-24T03:42:11.779758Z  INFO scan_sources: tailwindcss_oxide::scanner: Discovering "G:\\GitHub\\lotes-en-taganga\\app\\components"
2025-11-24T03:42:11.779933Z  INFO scan_sources: tailwindcss_oxide::scanner: Discovering "G:\\GitHub\\lotes-en-taganga\\app\\components\\Gallery.tsx"
2025-11-24T03:42:11.780652Z  INFO scan_sources: tailwindcss_oxide::scanner: Discovering "G:\\GitHub\\lotes-en-taganga\\public"
2025-11-24T03:42:11.780872Z  INFO scan_sources: tailwindcss_oxide::scanner: Discovering "G:\\GitHub\\lotes-en-taganga\\public\\images"
2025-11-24T03:42:11.781268Z  INFO scan_sources: tailwindcss_oxide::scanner: exit
2025-11-24T03:42:11.781279Z  INFO extract_candidates: tailwindcss_oxide::scanner: enter
2025-11-24T03:42:11.781283Z  INFO extract_candidates:read_all_files: tailwindcss_oxide::scanner: enter
2025-11-24T03:42:11.781287Z  INFO extract_candidates:read_all_files: tailwindcss_oxide::scanner: Reading 1 file(s)
2025-11-24T03:42:11.781357Z  INFO extract_candidates:read_all_files: tailwindcss_oxide::scanner: Reading "G:\\GitHub\\lotes-en-taganga\\app\\components\\Gallery.tsx"
2025-11-24T03:42:11.781366Z  INFO extract_candidates:read_all_files: tailwindcss_oxide::scanner: exit
2025-11-24T03:42:11.781376Z  INFO extract_candidates:parse_all_blobs: tailwindcss_oxide::scanner: enter
2025-11-24T03:42:11.781380Z  INFO extract_candidates:parse_all_blobs:extract: tailwindcss_oxide::scanner: enter
2025-11-24T03:42:11.781582Z  INFO extract_candidates:parse_all_blobs:extract: tailwindcss_oxide::scanner: exit
2025-11-24T03:42:11.781597Z  INFO extract_candidates:parse_all_blobs: tailwindcss_oxide::scanner: exit
2025-11-24T03:42:11.781676Z  INFO extract_candidates: tailwindcss_oxide::scanner: exit
2025-11-24T03:42:11.781886Z  INFO get_files: tailwindcss_oxide::scanner: enter
2025-11-24T03:42:11.781894Z  INFO get_files:scan_sources: tailwindcss_oxide::scanner: enter
2025-11-24T03:42:11.783323Z  INFO get_files:scan_sources: tailwindcss_oxide::scanner: Discovering "G:\\GitHub\\lotes-en-taganga\\app"
2025-11-24T03:42:11.783558Z  INFO get_files:scan_sources: tailwindcss_oxide::scanner: Discovering "G:\\GitHub\\lotes-en-taganga\\app\\components"
2025-11-24T03:42:11.784846Z  INFO get_files:scan_sources: tailwindcss_oxide::scanner: Discovering "G:\\GitHub\\lotes-en-taganga\\public"
2025-11-24T03:42:11.785153Z  INFO get_files:scan_sources: tailwindcss_oxide::scanner: Discovering "G:\\GitHub\\lotes-en-taganga\\public\\images"
2025-11-24T03:42:11.785705Z  INFO get_files:scan_sources: tailwindcss_oxide::scanner: exit
2025-11-24T03:42:11.785820Z  INFO get_files: tailwindcss_oxide::scanner: exit
2025-11-24T03:42:11.785932Z  INFO get_globs: tailwindcss_oxide::scanner: enter
2025-11-24T03:42:11.785940Z  INFO get_globs: tailwindcss_oxide::scanner: exit
2025-11-24T03:42:15.692845Z  INFO scan_sources: tailwindcss_oxide::scanner: enter
2025-11-24T03:42:15.694166Z  INFO scan_sources: tailwindcss_oxide::scanner: Discovering "G:\\GitHub\\lotes-en-taganga\\app"
2025-11-24T03:42:15.694334Z  INFO scan_sources: tailwindcss_oxide::scanner: Discovering "G:\\GitHub\\lotes-en-taganga\\app\\components"
2025-11-24T03:42:15.694506Z  INFO scan_sources: tailwindcss_oxide::scanner: Discovering "G:\\GitHub\\lotes-en-taganga\\app\\components\\Gallery.tsx"
2025-11-24T03:42:15.695220Z  INFO scan_sources: tailwindcss_oxide::scanner: Discovering "G:\\GitHub\\lotes-en-taganga\\public"
2025-11-24T03:42:15.695450Z  INFO scan_sources: tailwindcss_oxide::scanner: Discovering "G:\\GitHub\\lotes-en-taganga\\public\\images"
2025-11-24T03:42:15.695824Z  INFO scan_sources: tailwindcss_oxide::scanner: exit
2025-11-24T03:42:15.695834Z  INFO extract_candidates: tailwindcss_oxide::scanner: enter
2025-11-24T03:42:15.695838Z  INFO extract_candidates:read_all_files: tailwindcss_oxide::scanner: enter
2025-11-24T03:42:15.695842Z  INFO extract_candidates:read_all_files: tailwindcss_oxide::scanner: Reading 1 file(s)
2025-11-24T03:42:15.695902Z  INFO extract_candidates:read_all_files: tailwindcss_oxide::scanner: Reading "G:\\GitHub\\lotes-en-taganga\\app\\components\\Gallery.tsx"
2025-11-24T03:42:15.695912Z  INFO extract_candidates:read_all_files: tailwindcss_oxide::scanner: exit
2025-11-24T03:42:15.695916Z  INFO extract_candidates:parse_all_blobs: tailwindcss_oxide::scanner: enter
2025-11-24T03:42:15.695919Z  INFO extract_candidates:parse_all_blobs:extract: tailwindcss_oxide::scanner: enter
2025-11-24T03:42:15.696069Z  INFO extract_candidates:parse_all_blobs:extract: tailwindcss_oxide::scanner: exit
2025-11-24T03:42:15.696077Z  INFO extract_candidates:parse_all_blobs: tailwindcss_oxide::scanner: exit
2025-11-24T03:42:15.696165Z  INFO extract_candidates: tailwindcss_oxide::scanner: exit
2025-11-24T03:42:15.696302Z  INFO get_files: tailwindcss_oxide::scanner: enter
2025-11-24T03:42:15.696308Z  INFO get_files:scan_sources: tailwindcss_oxide::scanner: enter
2025-11-24T03:42:15.697257Z  INFO get_files:scan_sources: tailwindcss_oxide::scanner: Discovering "G:\\GitHub\\lotes-en-taganga\\app"
2025-11-24T03:42:15.697409Z  INFO get_files:scan_sources: tailwindcss_oxide::scanner: Discovering "G:\\GitHub\\lotes-en-taganga\\app\\components"
2025-11-24T03:42:15.698208Z  INFO get_files:scan_sources: tailwindcss_oxide::scanner: Discovering "G:\\GitHub\\lotes-en-taganga\\public"
2025-11-24T03:42:15.698422Z  INFO get_files:scan_sources: tailwindcss_oxide::scanner: Discovering "G:\\GitHub\\lotes-en-taganga\\public\\images"
2025-11-24T03:42:15.698783Z  INFO get_files:scan_sources: tailwindcss_oxide::scanner: exit
2025-11-24T03:42:15.698887Z  INFO get_files: tailwindcss_oxide::scanner: exit
2025-11-24T03:42:15.698945Z  INFO get_globs: tailwindcss_oxide::scanner: enter
2025-11-24T03:42:15.698951Z  INFO get_globs: tailwindcss_oxide::scanner: exit
2025-11-24T03:42:22.992529Z  INFO scan_sources: tailwindcss_oxide::scanner: enter
2025-11-24T03:42:22.994019Z  INFO scan_sources: tailwindcss_oxide::scanner: Discovering "G:\\GitHub\\lotes-en-taganga\\app"
2025-11-24T03:42:22.994193Z  INFO scan_sources: tailwindcss_oxide::scanner: Discovering "G:\\GitHub\\lotes-en-taganga\\app\\components"
2025-11-24T03:42:22.994372Z  INFO scan_sources: tailwindcss_oxide::scanner: Discovering "G:\\GitHub\\lotes-en-taganga\\app\\components\\Gallery.tsx"
2025-11-24T03:42:22.995148Z  INFO scan_sources: tailwindcss_oxide::scanner: Discovering "G:\\GitHub\\lotes-en-taganga\\public"
2025-11-24T03:42:22.995390Z  INFO scan_sources: tailwindcss_oxide::scanner: Discovering "G:\\GitHub\\lotes-en-taganga\\public\\images"
2025-11-24T03:42:22.996243Z  INFO scan_sources: tailwindcss_oxide::scanner: exit
2025-11-24T03:42:22.996254Z  INFO extract_candidates: tailwindcss_oxide::scanner: enter
2025-11-24T03:42:22.996259Z  INFO extract_candidates:read_all_files: tailwindcss_oxide::scanner: enter
2025-11-24T03:42:22.996262Z  INFO extract_candidates:read_all_files: tailwindcss_oxide::scanner: Reading 1 file(s)
2025-11-24T03:42:22.996332Z  INFO extract_candidates:read_all_files: tailwindcss_oxide::scanner: Reading "G:\\GitHub\\lotes-en-taganga\\app\\components\\Gallery.tsx"
2025-11-24T03:42:22.996343Z  INFO extract_candidates:read_all_files: tailwindcss_oxide::scanner: exit
2025-11-24T03:42:22.996347Z  INFO extract_candidates:parse_all_blobs: tailwindcss_oxide::scanner: enter
2025-11-24T03:42:22.996351Z  INFO extract_candidates:parse_all_blobs:extract: tailwindcss_oxide::scanner: enter
2025-11-24T03:42:22.996478Z  INFO extract_candidates:parse_all_blobs:extract: tailwindcss_oxide::scanner: exit
2025-11-24T03:42:22.996497Z  INFO extract_candidates:parse_all_blobs: tailwindcss_oxide::scanner: exit
2025-11-24T03:42:22.996577Z  INFO extract_candidates: tailwindcss_oxide::scanner: exit
2025-11-24T03:42:22.996866Z  INFO get_files: tailwindcss_oxide::scanner: enter
2025-11-24T03:42:22.996882Z  INFO get_files:scan_sources: tailwindcss_oxide::scanner: enter
2025-11-24T03:42:22.998197Z  INFO get_files:scan_sources: tailwindcss_oxide::scanner: Discovering "G:\\GitHub\\lotes-en-taganga\\app"
2025-11-24T03:42:22.998377Z  INFO get_files:scan_sources: tailwindcss_oxide::scanner: Discovering "G:\\GitHub\\lotes-en-taganga\\app\\components"
2025-11-24T03:42:22.999194Z  INFO get_files:scan_sources: tailwindcss_oxide::scanner: Discovering "G:\\GitHub\\lotes-en-taganga\\public"
2025-11-24T03:42:22.999468Z  INFO get_files:scan_sources: tailwindcss_oxide::scanner: Discovering "G:\\GitHub\\lotes-en-taganga\\public\\images"
2025-11-24T03:42:22.999865Z  INFO get_files:scan_sources: tailwindcss_oxide::scanner: exit
2025-11-24T03:42:22.999973Z  INFO get_files: tailwindcss_oxide::scanner: exit
2025-11-24T03:42:23.000035Z  INFO get_globs: tailwindcss_oxide::scanner: enter
2025-11-24T03:42:23.000041Z  INFO get_globs: tailwindcss_oxide::scanner: exit
2025-11-24T03:42:29.561856Z  INFO scan_sources: tailwindcss_oxide::scanner: enter
2025-11-24T03:42:29.563583Z  INFO scan_sources: tailwindcss_oxide::scanner: Discovering "G:\\GitHub\\lotes-en-taganga\\app"
2025-11-24T03:42:29.563835Z  INFO scan_sources: tailwindcss_oxide::scanner: Discovering "G:\\GitHub\\lotes-en-taganga\\app\\components"
2025-11-24T03:42:29.564087Z  INFO scan_sources: tailwindcss_oxide::scanner: Discovering "G:\\GitHub\\lotes-en-taganga\\app\\components\\Gallery.tsx"
2025-11-24T03:42:29.565225Z  INFO scan_sources: tailwindcss_oxide::scanner: Discovering "G:\\GitHub\\lotes-en-taganga\\public"
2025-11-24T03:42:29.565579Z  INFO scan_sources: tailwindcss_oxide::scanner: Discovering "G:\\GitHub\\lotes-en-taganga\\public\\images"
2025-11-24T03:42:29.566193Z  INFO scan_sources: tailwindcss_oxide::scanner: exit
2025-11-24T03:42:29.566206Z  INFO extract_candidates: tailwindcss_oxide::scanner: enter
2025-11-24T03:42:29.566213Z  INFO extract_candidates:read_all_files: tailwindcss_oxide::scanner: enter
2025-11-24T03:42:29.566218Z  INFO extract_candidates:read_all_files: tailwindcss_oxide::scanner: Reading 1 file(s)
2025-11-24T03:42:29.566301Z  INFO extract_candidates:read_all_files: tailwindcss_oxide::scanner: Reading "G:\\GitHub\\lotes-en-taganga\\app\\components\\Gallery.tsx"
2025-11-24T03:42:29.566314Z  INFO extract_candidates:read_all_files: tailwindcss_oxide::scanner: exit
2025-11-24T03:42:29.566320Z  INFO extract_candidates:parse_all_blobs: tailwindcss_oxide::scanner: enter
2025-11-24T03:42:29.566325Z  INFO extract_candidates:parse_all_blobs:extract: tailwindcss_oxide::scanner: enter
2025-11-24T03:42:29.566472Z  INFO extract_candidates:parse_all_blobs:extract: tailwindcss_oxide::scanner: exit
2025-11-24T03:42:29.566483Z  INFO extract_candidates:parse_all_blobs: tailwindcss_oxide::scanner: exit
2025-11-24T03:42:29.566555Z  INFO extract_candidates: tailwindcss_oxide::scanner: exit
2025-11-24T03:42:29.566760Z  INFO get_files: tailwindcss_oxide::scanner: enter
2025-11-24T03:42:29.566770Z  INFO get_files:scan_sources: tailwindcss_oxide::scanner: enter
2025-11-24T03:42:29.567806Z  INFO get_files:scan_sources: tailwindcss_oxide::scanner: Discovering "G:\\GitHub\\lotes-en-taganga\\app"
2025-11-24T03:42:29.567964Z  INFO get_files:scan_sources: tailwindcss_oxide::scanner: Discovering "G:\\GitHub\\lotes-en-taganga\\app\\components"
2025-11-24T03:42:29.568824Z  INFO get_files:scan_sources: tailwindcss_oxide::scanner: Discovering "G:\\GitHub\\lotes-en-taganga\\public"
2025-11-24T03:42:29.569054Z  INFO get_files:scan_sources: tailwindcss_oxide::scanner: Discovering "G:\\GitHub\\lotes-en-taganga\\public\\images"
2025-11-24T03:42:29.569537Z  INFO get_files:scan_sources: tailwindcss_oxide::scanner: exit
2025-11-24T03:42:29.569627Z  INFO get_files: tailwindcss_oxide::scanner: exit
2025-11-24T03:42:29.569712Z  INFO get_globs: tailwindcss_oxide::scanner: enter
2025-11-24T03:42:29.569718Z  INFO get_globs: tailwindcss_oxide::scanner: exit
2025-11-24T03:42:31.117705Z  INFO scan_sources: tailwindcss_oxide::scanner: enter
2025-11-24T03:42:31.119231Z  INFO scan_sources: tailwindcss_oxide::scanner: Discovering "G:\\GitHub\\lotes-en-taganga\\app"
2025-11-24T03:42:31.119400Z  INFO scan_sources: tailwindcss_oxide::scanner: Discovering "G:\\GitHub\\lotes-en-taganga\\app\\components"
2025-11-24T03:42:31.119572Z  INFO scan_sources: tailwindcss_oxide::scanner: Discovering "G:\\GitHub\\lotes-en-taganga\\app\\components\\Gallery.tsx"
2025-11-24T03:42:31.120279Z  INFO scan_sources: tailwindcss_oxide::scanner: Discovering "G:\\GitHub\\lotes-en-taganga\\public"
2025-11-24T03:42:31.120508Z  INFO scan_sources: tailwindcss_oxide::scanner: Discovering "G:\\GitHub\\lotes-en-taganga\\public\\images"
2025-11-24T03:42:31.120902Z  INFO scan_sources: tailwindcss_oxide::scanner: exit
2025-11-24T03:42:31.120911Z  INFO extract_candidates: tailwindcss_oxide::scanner: enter
2025-11-24T03:42:31.120916Z  INFO extract_candidates:read_all_files: tailwindcss_oxide::scanner: enter
2025-11-24T03:42:31.120919Z  INFO extract_candidates:read_all_files: tailwindcss_oxide::scanner: Reading 1 file(s)
2025-11-24T03:42:31.120980Z  INFO extract_candidates:read_all_files: tailwindcss_oxide::scanner: Reading "G:\\GitHub\\lotes-en-taganga\\app\\components\\Gallery.tsx"
2025-11-24T03:42:31.120990Z  INFO extract_candidates:read_all_files: tailwindcss_oxide::scanner: exit
2025-11-24T03:42:31.120994Z  INFO extract_candidates:parse_all_blobs: tailwindcss_oxide::scanner: enter
2025-11-24T03:42:31.120997Z  INFO extract_candidates:parse_all_blobs:extract: tailwindcss_oxide::scanner: enter
2025-11-24T03:42:31.121146Z  INFO extract_candidates:parse_all_blobs:extract: tailwindcss_oxide::scanner: exit
2025-11-24T03:42:31.121170Z  INFO extract_candidates:parse_all_blobs: tailwindcss_oxide::scanner: exit
2025-11-24T03:42:31.121256Z  INFO extract_candidates: tailwindcss_oxide::scanner: exit
2025-11-24T03:42:31.121453Z  INFO get_files: tailwindcss_oxide::scanner: enter
2025-11-24T03:42:31.121460Z  INFO get_files:scan_sources: tailwindcss_oxide::scanner: enter
2025-11-24T03:42:31.122579Z  INFO get_files:scan_sources: tailwindcss_oxide::scanner: Discovering "G:\\GitHub\\lotes-en-taganga\\app"
2025-11-24T03:42:31.122736Z  INFO get_files:scan_sources: tailwindcss_oxide::scanner: Discovering "G:\\GitHub\\lotes-en-taganga\\app\\components"
2025-11-24T03:42:31.123578Z  INFO get_files:scan_sources: tailwindcss_oxide::scanner: Discovering "G:\\GitHub\\lotes-en-taganga\\public"
2025-11-24T03:42:31.123803Z  INFO get_files:scan_sources: tailwindcss_oxide::scanner: Discovering "G:\\GitHub\\lotes-en-taganga\\public\\images"
2025-11-24T03:42:31.124166Z  INFO get_files:scan_sources: tailwindcss_oxide::scanner: exit
2025-11-24T03:42:31.124252Z  INFO get_files: tailwindcss_oxide::scanner: exit
2025-11-24T03:42:31.124321Z  INFO get_globs: tailwindcss_oxide::scanner: enter
2025-11-24T03:42:31.124327Z  INFO get_globs: tailwindcss_oxide::scanner: exit
2025-11-24T03:42:32.620578Z  INFO scan_sources: tailwindcss_oxide::scanner: enter
2025-11-24T03:42:32.621886Z  INFO scan_sources: tailwindcss_oxide::scanner: Discovering "G:\\GitHub\\lotes-en-taganga\\app"
2025-11-24T03:42:32.622052Z  INFO scan_sources: tailwindcss_oxide::scanner: Discovering "G:\\GitHub\\lotes-en-taganga\\app\\components"
2025-11-24T03:42:32.622226Z  INFO scan_sources: tailwindcss_oxide::scanner: Discovering "G:\\GitHub\\lotes-en-taganga\\app\\components\\Gallery.tsx"
2025-11-24T03:42:32.622992Z  INFO scan_sources: tailwindcss_oxide::scanner: Discovering "G:\\GitHub\\lotes-en-taganga\\public"
2025-11-24T03:42:32.623215Z  INFO scan_sources: tailwindcss_oxide::scanner: Discovering "G:\\GitHub\\lotes-en-taganga\\public\\images"
2025-11-24T03:42:32.623591Z  INFO scan_sources: tailwindcss_oxide::scanner: exit
2025-11-24T03:42:32.623600Z  INFO extract_candidates: tailwindcss_oxide::scanner: enter
2025-11-24T03:42:32.623605Z  INFO extract_candidates:read_all_files: tailwindcss_oxide::scanner: enter
2025-11-24T03:42:32.623608Z  INFO extract_candidates:read_all_files: tailwindcss_oxide::scanner: Reading 1 file(s)
2025-11-24T03:42:32.623669Z  INFO extract_candidates:read_all_files: tailwindcss_oxide::scanner: Reading "G:\\GitHub\\lotes-en-taganga\\app\\components\\Gallery.tsx"
2025-11-24T03:42:32.623679Z  INFO extract_candidates:read_all_files: tailwindcss_oxide::scanner: exit
2025-11-24T03:42:32.623684Z  INFO extract_candidates:parse_all_blobs: tailwindcss_oxide::scanner: enter
2025-11-24T03:42:32.623687Z  INFO extract_candidates:parse_all_blobs:extract: tailwindcss_oxide::scanner: enter
2025-11-24T03:42:32.623846Z  INFO extract_candidates:parse_all_blobs:extract: tailwindcss_oxide::scanner: exit
2025-11-24T03:42:32.623863Z  INFO extract_candidates:parse_all_blobs: tailwindcss_oxide::scanner: exit
2025-11-24T03:42:32.623962Z  INFO extract_candidates: tailwindcss_oxide::scanner: exit
2025-11-24T03:42:32.624130Z  INFO get_files: tailwindcss_oxide::scanner: enter
2025-11-24T03:42:32.624138Z  INFO get_files:scan_sources: tailwindcss_oxide::scanner: enter
2025-11-24T03:42:32.625140Z  INFO get_files:scan_sources: tailwindcss_oxide::scanner: Discovering "G:\\GitHub\\lotes-en-taganga\\app"
2025-11-24T03:42:32.625295Z  INFO get_files:scan_sources: tailwindcss_oxide::scanner: Discovering "G:\\GitHub\\lotes-en-taganga\\app\\components"
2025-11-24T03:42:32.626103Z  INFO get_files:scan_sources: tailwindcss_oxide::scanner: Discovering "G:\\GitHub\\lotes-en-taganga\\public"
2025-11-24T03:42:32.626316Z  INFO get_files:scan_sources: tailwindcss_oxide::scanner: Discovering "G:\\GitHub\\lotes-en-taganga\\public\\images"
2025-11-24T03:42:32.626687Z  INFO get_files:scan_sources: tailwindcss_oxide::scanner: exit
2025-11-24T03:42:32.626791Z  INFO get_files: tailwindcss_oxide::scanner: exit
2025-11-24T03:42:32.626853Z  INFO get_globs: tailwindcss_oxide::scanner: enter
2025-11-24T03:42:32.626864Z  INFO get_globs: tailwindcss_oxide::scanner: exit
2025-11-24T03:42:35.736112Z  INFO scan_sources: tailwindcss_oxide::scanner: enter
2025-11-24T03:42:35.737633Z  INFO scan_sources: tailwindcss_oxide::scanner: Discovering "G:\\GitHub\\lotes-en-taganga\\app"
2025-11-24T03:42:35.737868Z  INFO scan_sources: tailwindcss_oxide::scanner: Discovering "G:\\GitHub\\lotes-en-taganga\\app\\components"
2025-11-24T03:42:35.738110Z  INFO scan_sources: tailwindcss_oxide::scanner: Discovering "G:\\GitHub\\lotes-en-taganga\\app\\components\\Gallery.tsx"
2025-11-24T03:42:35.738835Z  INFO scan_sources: tailwindcss_oxide::scanner: Discovering "G:\\GitHub\\lotes-en-taganga\\public"
2025-11-24T03:42:35.739062Z  INFO scan_sources: tailwindcss_oxide::scanner: Discovering "G:\\GitHub\\lotes-en-taganga\\public\\images"
2025-11-24T03:42:35.739459Z  INFO scan_sources: tailwindcss_oxide::scanner: exit
2025-11-24T03:42:35.739470Z  INFO extract_candidates: tailwindcss_oxide::scanner: enter
2025-11-24T03:42:35.739474Z  INFO extract_candidates:read_all_files: tailwindcss_oxide::scanner: enter
2025-11-24T03:42:35.739478Z  INFO extract_candidates:read_all_files: tailwindcss_oxide::scanner: Reading 1 file(s)
2025-11-24T03:42:35.739548Z  INFO extract_candidates:read_all_files: tailwindcss_oxide::scanner: Reading "G:\\GitHub\\lotes-en-taganga\\app\\components\\Gallery.tsx"
2025-11-24T03:42:35.739558Z  INFO extract_candidates:read_all_files: tailwindcss_oxide::scanner: exit
2025-11-24T03:42:35.739563Z  INFO extract_candidates:parse_all_blobs: tailwindcss_oxide::scanner: enter
2025-11-24T03:42:35.739566Z  INFO extract_candidates:parse_all_blobs:extract: tailwindcss_oxide::scanner: enter
2025-11-24T03:42:35.739705Z  INFO extract_candidates:parse_all_blobs:extract: tailwindcss_oxide::scanner: exit
2025-11-24T03:42:35.739722Z  INFO extract_candidates:parse_all_blobs: tailwindcss_oxide::scanner: exit
2025-11-24T03:42:35.739793Z  INFO extract_candidates: tailwindcss_oxide::scanner: exit
2025-11-24T03:42:35.739990Z  INFO get_files: tailwindcss_oxide::scanner: enter
2025-11-24T03:42:35.739997Z  INFO get_files:scan_sources: tailwindcss_oxide::scanner: enter
2025-11-24T03:42:35.741075Z  INFO get_files:scan_sources: tailwindcss_oxide::scanner: Discovering "G:\\GitHub\\lotes-en-taganga\\app"
2025-11-24T03:42:35.741232Z  INFO get_files:scan_sources: tailwindcss_oxide::scanner: Discovering "G:\\GitHub\\lotes-en-taganga\\app\\components"
2025-11-24T03:42:35.742070Z  INFO get_files:scan_sources: tailwindcss_oxide::scanner: Discovering "G:\\GitHub\\lotes-en-taganga\\public"
2025-11-24T03:42:35.742401Z  INFO get_files:scan_sources: tailwindcss_oxide::scanner: Discovering "G:\\GitHub\\lotes-en-taganga\\public\\images"
2025-11-24T03:42:35.742775Z  INFO get_files:scan_sources: tailwindcss_oxide::scanner: exit
2025-11-24T03:42:35.742871Z  INFO get_files: tailwindcss_oxide::scanner: exit
2025-11-24T03:42:35.742946Z  INFO get_globs: tailwindcss_oxide::scanner: enter
2025-11-24T03:42:35.742954Z  INFO get_globs: tailwindcss_oxide::scanner: exit
2025-11-24T03:42:40.254704Z  INFO scan_sources: tailwindcss_oxide::scanner: enter
2025-11-24T03:42:40.256299Z  INFO scan_sources: tailwindcss_oxide::scanner: Discovering "G:\\GitHub\\lotes-en-taganga\\app"
2025-11-24T03:42:40.256472Z  INFO scan_sources: tailwindcss_oxide::scanner: Discovering "G:\\GitHub\\lotes-en-taganga\\app\\components"
2025-11-24T03:42:40.256648Z  INFO scan_sources: tailwindcss_oxide::scanner: Discovering "G:\\GitHub\\lotes-en-taganga\\app\\components\\Gallery.tsx"
2025-11-24T03:42:40.257351Z  INFO scan_sources: tailwindcss_oxide::scanner: Discovering "G:\\GitHub\\lotes-en-taganga\\public"
2025-11-24T03:42:40.257649Z  INFO scan_sources: tailwindcss_oxide::scanner: Discovering "G:\\GitHub\\lotes-en-taganga\\public\\images"
2025-11-24T03:42:40.258065Z  INFO scan_sources: tailwindcss_oxide::scanner: exit
2025-11-24T03:42:40.258076Z  INFO extract_candidates: tailwindcss_oxide::scanner: enter
2025-11-24T03:42:40.258081Z  INFO extract_candidates:read_all_files: tailwindcss_oxide::scanner: enter
2025-11-24T03:42:40.258088Z  INFO extract_candidates:read_all_files: tailwindcss_oxide::scanner: Reading 1 file(s)
2025-11-24T03:42:40.258156Z  INFO extract_candidates:read_all_files: tailwindcss_oxide::scanner: Reading "G:\\GitHub\\lotes-en-taganga\\app\\components\\Gallery.tsx"
2025-11-24T03:42:40.258166Z  INFO extract_candidates:read_all_files: tailwindcss_oxide::scanner: exit
2025-11-24T03:42:40.258170Z  INFO extract_candidates:parse_all_blobs: tailwindcss_oxide::scanner: enter
2025-11-24T03:42:40.258174Z  INFO extract_candidates:parse_all_blobs:extract: tailwindcss_oxide::scanner: enter
2025-11-24T03:42:40.258331Z  INFO extract_candidates:parse_all_blobs:extract: tailwindcss_oxide::scanner: exit
2025-11-24T03:42:40.258340Z  INFO extract_candidates:parse_all_blobs: tailwindcss_oxide::scanner: exit
2025-11-24T03:42:40.258416Z  INFO extract_candidates: tailwindcss_oxide::scanner: exit
2025-11-24T03:42:40.258579Z  INFO get_files: tailwindcss_oxide::scanner: enter
2025-11-24T03:42:40.258585Z  INFO get_files:scan_sources: tailwindcss_oxide::scanner: enter
2025-11-24T03:42:40.259586Z  INFO get_files:scan_sources: tailwindcss_oxide::scanner: Discovering "G:\\GitHub\\lotes-en-taganga\\app"
2025-11-24T03:42:40.259743Z  INFO get_files:scan_sources: tailwindcss_oxide::scanner: Discovering "G:\\GitHub\\lotes-en-taganga\\app\\components"
2025-11-24T03:42:40.260552Z  INFO get_files:scan_sources: tailwindcss_oxide::scanner: Discovering "G:\\GitHub\\lotes-en-taganga\\public"
2025-11-24T03:42:40.260762Z  INFO get_files:scan_sources: tailwindcss_oxide::scanner: Discovering "G:\\GitHub\\lotes-en-taganga\\public\\images"
2025-11-24T03:42:40.261239Z  INFO get_files:scan_sources: tailwindcss_oxide::scanner: exit
2025-11-24T03:42:40.261366Z  INFO get_files: tailwindcss_oxide::scanner: exit
2025-11-24T03:42:40.261479Z  INFO get_globs: tailwindcss_oxide::scanner: enter
2025-11-24T03:42:40.261489Z  INFO get_globs: tailwindcss_oxide::scanner: exit
2025-11-24T03:42:43.073659Z  INFO scan_sources: tailwindcss_oxide::scanner: enter
2025-11-24T03:42:43.075253Z  INFO scan_sources: tailwindcss_oxide::scanner: Discovering "G:\\GitHub\\lotes-en-taganga\\app"
2025-11-24T03:42:43.075445Z  INFO scan_sources: tailwindcss_oxide::scanner: Discovering "G:\\GitHub\\lotes-en-taganga\\app\\components"
2025-11-24T03:42:43.075628Z  INFO scan_sources: tailwindcss_oxide::scanner: Discovering "G:\\GitHub\\lotes-en-taganga\\app\\components\\Gallery.tsx"
2025-11-24T03:42:43.076353Z  INFO scan_sources: tailwindcss_oxide::scanner: Discovering "G:\\GitHub\\lotes-en-taganga\\public"
2025-11-24T03:42:43.076577Z  INFO scan_sources: tailwindcss_oxide::scanner: Discovering "G:\\GitHub\\lotes-en-taganga\\public\\images"
2025-11-24T03:42:43.077000Z  INFO scan_sources: tailwindcss_oxide::scanner: exit
2025-11-24T03:42:43.077011Z  INFO extract_candidates: tailwindcss_oxide::scanner: enter
2025-11-24T03:42:43.077016Z  INFO extract_candidates:read_all_files: tailwindcss_oxide::scanner: enter
2025-11-24T03:42:43.077020Z  INFO extract_candidates:read_all_files: tailwindcss_oxide::scanner: Reading 1 file(s)
2025-11-24T03:42:43.077083Z  INFO extract_candidates:read_all_files: tailwindcss_oxide::scanner: Reading "G:\\GitHub\\lotes-en-taganga\\app\\components\\Gallery.tsx"
2025-11-24T03:42:43.077093Z  INFO extract_candidates:read_all_files: tailwindcss_oxide::scanner: exit
2025-11-24T03:42:43.077097Z  INFO extract_candidates:parse_all_blobs: tailwindcss_oxide::scanner: enter
2025-11-24T03:42:43.077101Z  INFO extract_candidates:parse_all_blobs:extract: tailwindcss_oxide::scanner: enter
2025-11-24T03:42:43.077238Z  INFO extract_candidates:parse_all_blobs:extract: tailwindcss_oxide::scanner: exit
2025-11-24T03:42:43.077253Z  INFO extract_candidates:parse_all_blobs: tailwindcss_oxide::scanner: exit
2025-11-24T03:42:43.077319Z  INFO extract_candidates: tailwindcss_oxide::scanner: exit
2025-11-24T03:42:43.077503Z  INFO get_files: tailwindcss_oxide::scanner: enter
2025-11-24T03:42:43.077509Z  INFO get_files:scan_sources: tailwindcss_oxide::scanner: enter
2025-11-24T03:42:43.078560Z  INFO get_files:scan_sources: tailwindcss_oxide::scanner: Discovering "G:\\GitHub\\lotes-en-taganga\\app"
2025-11-24T03:42:43.078731Z  INFO get_files:scan_sources: tailwindcss_oxide::scanner: Discovering "G:\\GitHub\\lotes-en-taganga\\app\\components"
2025-11-24T03:42:43.079539Z  INFO get_files:scan_sources: tailwindcss_oxide::scanner: Discovering "G:\\GitHub\\lotes-en-taganga\\public"
2025-11-24T03:42:43.079753Z  INFO get_files:scan_sources: tailwindcss_oxide::scanner: Discovering "G:\\GitHub\\lotes-en-taganga\\public\\images"
2025-11-24T03:42:43.080118Z  INFO get_files:scan_sources: tailwindcss_oxide::scanner: exit
2025-11-24T03:42:43.080223Z  INFO get_files: tailwindcss_oxide::scanner: exit
2025-11-24T03:42:43.080289Z  INFO get_globs: tailwindcss_oxide::scanner: enter
2025-11-24T03:42:43.080295Z  INFO get_globs: tailwindcss_oxide::scanner: exit
2025-11-24T03:42:46.539342Z  INFO scan_sources: tailwindcss_oxide::scanner: enter
2025-11-24T03:42:46.540839Z  INFO scan_sources: tailwindcss_oxide::scanner: Discovering "G:\\GitHub\\lotes-en-taganga\\app"
2025-11-24T03:42:46.541040Z  INFO scan_sources: tailwindcss_oxide::scanner: Discovering "G:\\GitHub\\lotes-en-taganga\\app\\components"
2025-11-24T03:42:46.541214Z  INFO scan_sources: tailwindcss_oxide::scanner: Discovering "G:\\GitHub\\lotes-en-taganga\\app\\components\\Gallery.tsx"
2025-11-24T03:42:46.541927Z  INFO scan_sources: tailwindcss_oxide::scanner: Discovering "G:\\GitHub\\lotes-en-taganga\\public"
2025-11-24T03:42:46.542158Z  INFO scan_sources: tailwindcss_oxide::scanner: Discovering "G:\\GitHub\\lotes-en-taganga\\public\\images"
2025-11-24T03:42:46.542545Z  INFO scan_sources: tailwindcss_oxide::scanner: exit
2025-11-24T03:42:46.542555Z  INFO extract_candidates: tailwindcss_oxide::scanner: enter
2025-11-24T03:42:46.542560Z  INFO extract_candidates:read_all_files: tailwindcss_oxide::scanner: enter
2025-11-24T03:42:46.542563Z  INFO extract_candidates:read_all_files: tailwindcss_oxide::scanner: Reading 1 file(s)
2025-11-24T03:42:46.542627Z  INFO extract_candidates:read_all_files: tailwindcss_oxide::scanner: Reading "G:\\GitHub\\lotes-en-taganga\\app\\components\\Gallery.tsx"
2025-11-24T03:42:46.542637Z  INFO extract_candidates:read_all_files: tailwindcss_oxide::scanner: exit
2025-11-24T03:42:46.542641Z  INFO extract_candidates:parse_all_blobs: tailwindcss_oxide::scanner: enter
2025-11-24T03:42:46.542645Z  INFO extract_candidates:parse_all_blobs:extract: tailwindcss_oxide::scanner: enter
2025-11-24T03:42:46.542820Z  INFO extract_candidates:parse_all_blobs:extract: tailwindcss_oxide::scanner: exit
2025-11-24T03:42:46.542836Z  INFO extract_candidates:parse_all_blobs: tailwindcss_oxide::scanner: exit
2025-11-24T03:42:46.542906Z  INFO extract_candidates: tailwindcss_oxide::scanner: exit
2025-11-24T03:42:46.543128Z  INFO get_files: tailwindcss_oxide::scanner: enter
2025-11-24T03:42:46.543135Z  INFO get_files:scan_sources: tailwindcss_oxide::scanner: enter
2025-11-24T03:42:46.544475Z  INFO get_files:scan_sources: tailwindcss_oxide::scanner: Discovering "G:\\GitHub\\lotes-en-taganga\\app"
2025-11-24T03:42:46.544672Z  INFO get_files:scan_sources: tailwindcss_oxide::scanner: Discovering "G:\\GitHub\\lotes-en-taganga\\app\\components"
2025-11-24T03:42:46.545703Z  INFO get_files:scan_sources: tailwindcss_oxide::scanner: Discovering "G:\\GitHub\\lotes-en-taganga\\public"
2025-11-24T03:42:46.545985Z  INFO get_files:scan_sources: tailwindcss_oxide::scanner: Discovering "G:\\GitHub\\lotes-en-taganga\\public\\images"
2025-11-24T03:42:46.546479Z  INFO get_files:scan_sources: tailwindcss_oxide::scanner: exit
2025-11-24T03:42:46.546567Z  INFO get_files: tailwindcss_oxide::scanner: exit
2025-11-24T03:42:46.546678Z  INFO get_globs: tailwindcss_oxide::scanner: enter
2025-11-24T03:42:46.546685Z  INFO get_globs: tailwindcss_oxide::scanner: exit
2025-11-24T03:42:49.772448Z  INFO scan_sources: tailwindcss_oxide::scanner: enter
2025-11-24T03:42:49.773795Z  INFO scan_sources: tailwindcss_oxide::scanner: Discovering "G:\\GitHub\\lotes-en-taganga\\app"
2025-11-24T03:42:49.773970Z  INFO scan_sources: tailwindcss_oxide::scanner: Discovering "G:\\GitHub\\lotes-en-taganga\\app\\components"
2025-11-24T03:42:49.774152Z  INFO scan_sources: tailwindcss_oxide::scanner: Discovering "G:\\GitHub\\lotes-en-taganga\\app\\components\\Gallery.tsx"
2025-11-24T03:42:49.774865Z  INFO scan_sources: tailwindcss_oxide::scanner: Discovering "G:\\GitHub\\lotes-en-taganga\\public"
2025-11-24T03:42:49.775086Z  INFO scan_sources: tailwindcss_oxide::scanner: Discovering "G:\\GitHub\\lotes-en-taganga\\public\\images"
2025-11-24T03:42:49.775556Z  INFO scan_sources: tailwindcss_oxide::scanner: exit
2025-11-24T03:42:49.775568Z  INFO extract_candidates: tailwindcss_oxide::scanner: enter
2025-11-24T03:42:49.775573Z  INFO extract_candidates:read_all_files: tailwindcss_oxide::scanner: enter
2025-11-24T03:42:49.775576Z  INFO extract_candidates:read_all_files: tailwindcss_oxide::scanner: Reading 1 file(s)
2025-11-24T03:42:49.775644Z  INFO extract_candidates:read_all_files: tailwindcss_oxide::scanner: Reading "G:\\GitHub\\lotes-en-taganga\\app\\components\\Gallery.tsx"
2025-11-24T03:42:49.775654Z  INFO extract_candidates:read_all_files: tailwindcss_oxide::scanner: exit
2025-11-24T03:42:49.775658Z  INFO extract_candidates:parse_all_blobs: tailwindcss_oxide::scanner: enter
2025-11-24T03:42:49.775662Z  INFO extract_candidates:parse_all_blobs:extract: tailwindcss_oxide::scanner: enter
2025-11-24T03:42:49.775795Z  INFO extract_candidates:parse_all_blobs:extract: tailwindcss_oxide::scanner: exit
2025-11-24T03:42:49.775809Z  INFO extract_candidates:parse_all_blobs: tailwindcss_oxide::scanner: exit
2025-11-24T03:42:49.775885Z  INFO extract_candidates: tailwindcss_oxide::scanner: exit
2025-11-24T03:42:49.776070Z  INFO get_files: tailwindcss_oxide::scanner: enter
2025-11-24T03:42:49.776078Z  INFO get_files:scan_sources: tailwindcss_oxide::scanner: enter
2025-11-24T03:42:49.777133Z  INFO get_files:scan_sources: tailwindcss_oxide::scanner: Discovering "G:\\GitHub\\lotes-en-taganga\\app"
2025-11-24T03:42:49.777292Z  INFO get_files:scan_sources: tailwindcss_oxide::scanner: Discovering "G:\\GitHub\\lotes-en-taganga\\app\\components"
2025-11-24T03:42:49.778114Z  INFO get_files:scan_sources: tailwindcss_oxide::scanner: Discovering "G:\\GitHub\\lotes-en-taganga\\public"
2025-11-24T03:42:49.778329Z  INFO get_files:scan_sources: tailwindcss_oxide::scanner: Discovering "G:\\GitHub\\lotes-en-taganga\\public\\images"
2025-11-24T03:42:49.778701Z  INFO get_files:scan_sources: tailwindcss_oxide::scanner: exit
2025-11-24T03:42:49.778823Z  INFO get_files: tailwindcss_oxide::scanner: exit
2025-11-24T03:42:49.778889Z  INFO get_globs: tailwindcss_oxide::scanner: enter
2025-11-24T03:42:49.778895Z  INFO get_globs: tailwindcss_oxide::scanner: exit
2025-11-24T03:43:47.159762Z  INFO scan_sources: tailwindcss_oxide::scanner: enter
2025-11-24T03:43:47.161172Z  INFO scan_sources: tailwindcss_oxide::scanner: Discovering "G:\\GitHub\\lotes-en-taganga\\app"
2025-11-24T03:43:47.161343Z  INFO scan_sources: tailwindcss_oxide::scanner: Discovering "G:\\GitHub\\lotes-en-taganga\\app\\components"
2025-11-24T03:43:47.161517Z  INFO scan_sources: tailwindcss_oxide::scanner: Discovering "G:\\GitHub\\lotes-en-taganga\\app\\components\\Gallery.tsx"
2025-11-24T03:43:47.162238Z  INFO scan_sources: tailwindcss_oxide::scanner: Discovering "G:\\GitHub\\lotes-en-taganga\\public"
2025-11-24T03:43:47.162463Z  INFO scan_sources: tailwindcss_oxide::scanner: Discovering "G:\\GitHub\\lotes-en-taganga\\public\\images"
2025-11-24T03:43:47.162969Z  INFO scan_sources: tailwindcss_oxide::scanner: exit
2025-11-24T03:43:47.162983Z  INFO extract_candidates: tailwindcss_oxide::scanner: enter
2025-11-24T03:43:47.162989Z  INFO extract_candidates:read_all_files: tailwindcss_oxide::scanner: enter
2025-11-24T03:43:47.162993Z  INFO extract_candidates:read_all_files: tailwindcss_oxide::scanner: Reading 1 file(s)
2025-11-24T03:43:47.163071Z  INFO extract_candidates:read_all_files: tailwindcss_oxide::scanner: Reading "G:\\GitHub\\lotes-en-taganga\\app\\components\\Gallery.tsx"
2025-11-24T03:43:47.163084Z  INFO extract_candidates:read_all_files: tailwindcss_oxide::scanner: exit
2025-11-24T03:43:47.163095Z  INFO extract_candidates:parse_all_blobs: tailwindcss_oxide::scanner: enter
2025-11-24T03:43:47.163100Z  INFO extract_candidates:parse_all_blobs:extract: tailwindcss_oxide::scanner: enter
2025-11-24T03:43:47.163282Z  INFO extract_candidates:parse_all_blobs:extract: tailwindcss_oxide::scanner: exit
2025-11-24T03:43:47.163299Z  INFO extract_candidates:parse_all_blobs: tailwindcss_oxide::scanner: exit
2025-11-24T03:43:47.163388Z  INFO extract_candidates: tailwindcss_oxide::scanner: exit
2025-11-24T03:43:47.163565Z  INFO get_files: tailwindcss_oxide::scanner: enter
2025-11-24T03:43:47.163573Z  INFO get_files:scan_sources: tailwindcss_oxide::scanner: enter
2025-11-24T03:43:47.164708Z  INFO get_files:scan_sources: tailwindcss_oxide::scanner: Discovering "G:\\GitHub\\lotes-en-taganga\\app"
2025-11-24T03:43:47.164866Z  INFO get_files:scan_sources: tailwindcss_oxide::scanner: Discovering "G:\\GitHub\\lotes-en-taganga\\app\\components"
2025-11-24T03:43:47.165798Z  INFO get_files:scan_sources: tailwindcss_oxide::scanner: Discovering "G:\\GitHub\\lotes-en-taganga\\public"
2025-11-24T03:43:47.166013Z  INFO get_files:scan_sources: tailwindcss_oxide::scanner: Discovering "G:\\GitHub\\lotes-en-taganga\\public\\images"
2025-11-24T03:43:47.166394Z  INFO get_files:scan_sources: tailwindcss_oxide::scanner: exit
2025-11-24T03:43:47.166492Z  INFO get_files: tailwindcss_oxide::scanner: exit
2025-11-24T03:43:47.166560Z  INFO get_globs: tailwindcss_oxide::scanner: enter
2025-11-24T03:43:47.166566Z  INFO get_globs: tailwindcss_oxide::scanner: exit
2025-11-24T03:44:41.604831Z  INFO scan_sources: tailwindcss_oxide::scanner: enter
2025-11-24T03:44:41.606686Z  INFO scan_sources: tailwindcss_oxide::scanner: Discovering "G:\\GitHub\\lotes-en-taganga\\app"
2025-11-24T03:44:41.606869Z  INFO scan_sources: tailwindcss_oxide::scanner: Discovering "G:\\GitHub\\lotes-en-taganga\\app\\components"
2025-11-24T03:44:41.607294Z  INFO scan_sources: tailwindcss_oxide::scanner: Discovering "G:\\GitHub\\lotes-en-taganga\\app\\components\\UseCase.tsx"
2025-11-24T03:44:41.607912Z  INFO scan_sources: tailwindcss_oxide::scanner: Discovering "G:\\GitHub\\lotes-en-taganga\\public"
2025-11-24T03:44:41.608183Z  INFO scan_sources: tailwindcss_oxide::scanner: Discovering "G:\\GitHub\\lotes-en-taganga\\public\\images"
2025-11-24T03:44:41.608649Z  INFO scan_sources: tailwindcss_oxide::scanner: exit
2025-11-24T03:44:41.608660Z  INFO extract_candidates: tailwindcss_oxide::scanner: enter
2025-11-24T03:44:41.608665Z  INFO extract_candidates:read_all_files: tailwindcss_oxide::scanner: enter
2025-11-24T03:44:41.608668Z  INFO extract_candidates:read_all_files: tailwindcss_oxide::scanner: Reading 1 file(s)
2025-11-24T03:44:41.608743Z  INFO extract_candidates:read_all_files: tailwindcss_oxide::scanner: Reading "G:\\GitHub\\lotes-en-taganga\\app\\components\\UseCase.tsx"
2025-11-24T03:44:41.608754Z  INFO extract_candidates:read_all_files: tailwindcss_oxide::scanner: exit
2025-11-24T03:44:41.608758Z  INFO extract_candidates:parse_all_blobs: tailwindcss_oxide::scanner: enter
2025-11-24T03:44:41.608761Z  INFO extract_candidates:parse_all_blobs:extract: tailwindcss_oxide::scanner: enter
2025-11-24T03:44:41.608905Z  INFO extract_candidates:parse_all_blobs:extract: tailwindcss_oxide::scanner: exit
2025-11-24T03:44:41.608913Z  INFO extract_candidates:parse_all_blobs: tailwindcss_oxide::scanner: exit
2025-11-24T03:44:41.608992Z  INFO extract_candidates: tailwindcss_oxide::scanner: exit
2025-11-24T03:44:41.609361Z  INFO get_files: tailwindcss_oxide::scanner: enter
2025-11-24T03:44:41.609372Z  INFO get_files:scan_sources: tailwindcss_oxide::scanner: enter
2025-11-24T03:44:41.610456Z  INFO get_files:scan_sources: tailwindcss_oxide::scanner: Discovering "G:\\GitHub\\lotes-en-taganga\\app"
2025-11-24T03:44:41.610615Z  INFO get_files:scan_sources: tailwindcss_oxide::scanner: Discovering "G:\\GitHub\\lotes-en-taganga\\app\\components"
2025-11-24T03:44:41.611455Z  INFO get_files:scan_sources: tailwindcss_oxide::scanner: Discovering "G:\\GitHub\\lotes-en-taganga\\public"
2025-11-24T03:44:41.611675Z  INFO get_files:scan_sources: tailwindcss_oxide::scanner: Discovering "G:\\GitHub\\lotes-en-taganga\\public\\images"
2025-11-24T03:44:41.612046Z  INFO get_files:scan_sources: tailwindcss_oxide::scanner: exit
2025-11-24T03:44:41.612160Z  INFO get_files: tailwindcss_oxide::scanner: exit
2025-11-24T03:44:41.612242Z  INFO get_globs: tailwindcss_oxide::scanner: enter
2025-11-24T03:44:41.612248Z  INFO get_globs: tailwindcss_oxide::scanner: exit
2025-11-24T03:47:38.606703Z  INFO scan_sources: tailwindcss_oxide::scanner: enter
2025-11-24T03:47:38.608096Z  INFO scan_sources: tailwindcss_oxide::scanner: Discovering "G:\\GitHub\\lotes-en-taganga\\app"
2025-11-24T03:47:38.608269Z  INFO scan_sources: tailwindcss_oxide::scanner: Discovering "G:\\GitHub\\lotes-en-taganga\\app\\components"
2025-11-24T03:47:38.608431Z  INFO scan_sources: tailwindcss_oxide::scanner: Discovering "G:\\GitHub\\lotes-en-taganga\\app\\components\\Beneficits.tsx"
2025-11-24T03:47:38.609244Z  INFO scan_sources: tailwindcss_oxide::scanner: Discovering "G:\\GitHub\\lotes-en-taganga\\public"
2025-11-24T03:47:38.609490Z  INFO scan_sources: tailwindcss_oxide::scanner: Discovering "G:\\GitHub\\lotes-en-taganga\\public\\images"
2025-11-24T03:47:38.609931Z  INFO scan_sources: tailwindcss_oxide::scanner: exit
2025-11-24T03:47:38.609942Z  INFO extract_candidates: tailwindcss_oxide::scanner: enter
2025-11-24T03:47:38.609947Z  INFO extract_candidates:read_all_files: tailwindcss_oxide::scanner: enter
2025-11-24T03:47:38.609951Z  INFO extract_candidates:read_all_files: tailwindcss_oxide::scanner: Reading 1 file(s)
2025-11-24T03:47:38.610271Z  INFO extract_candidates:read_all_files: tailwindcss_oxide::scanner: Reading "G:\\GitHub\\lotes-en-taganga\\app\\components\\Beneficits.tsx"
2025-11-24T03:47:38.610291Z  INFO extract_candidates:read_all_files: tailwindcss_oxide::scanner: exit
2025-11-24T03:47:38.610298Z  INFO extract_candidates:parse_all_blobs: tailwindcss_oxide::scanner: enter
2025-11-24T03:47:38.610301Z  INFO extract_candidates:parse_all_blobs:extract: tailwindcss_oxide::scanner: enter
2025-11-24T03:47:38.610461Z  INFO extract_candidates:parse_all_blobs:extract: tailwindcss_oxide::scanner: exit
2025-11-24T03:47:38.610478Z  INFO extract_candidates:parse_all_blobs: tailwindcss_oxide::scanner: exit
2025-11-24T03:47:38.610557Z  INFO extract_candidates: tailwindcss_oxide::scanner: exit
2025-11-24T03:47:38.610745Z  INFO get_files: tailwindcss_oxide::scanner: enter
2025-11-24T03:47:38.610752Z  INFO get_files:scan_sources: tailwindcss_oxide::scanner: enter
2025-11-24T03:47:38.611879Z  INFO get_files:scan_sources: tailwindcss_oxide::scanner: Discovering "G:\\GitHub\\lotes-en-taganga\\app"
2025-11-24T03:47:38.612040Z  INFO get_files:scan_sources: tailwindcss_oxide::scanner: Discovering "G:\\GitHub\\lotes-en-taganga\\app\\components"
2025-11-24T03:47:38.612907Z  INFO get_files:scan_sources: tailwindcss_oxide::scanner: Discovering "G:\\GitHub\\lotes-en-taganga\\public"
2025-11-24T03:47:38.613126Z  INFO get_files:scan_sources: tailwindcss_oxide::scanner: Discovering "G:\\GitHub\\lotes-en-taganga\\public\\images"
2025-11-24T03:47:38.613502Z  INFO get_files:scan_sources: tailwindcss_oxide::scanner: exit
2025-11-24T03:47:38.613659Z  INFO get_files: tailwindcss_oxide::scanner: exit
2025-11-24T03:47:38.613767Z  INFO get_globs: tailwindcss_oxide::scanner: enter
2025-11-24T03:47:38.613775Z  INFO get_globs: tailwindcss_oxide::scanner: exit
2025-11-24T03:47:44.094359Z  INFO scan_sources: tailwindcss_oxide::scanner: enter
2025-11-24T03:47:44.096263Z  INFO scan_sources: tailwindcss_oxide::scanner: Discovering "G:\\GitHub\\lotes-en-taganga\\app"
2025-11-24T03:47:44.096559Z  INFO scan_sources: tailwindcss_oxide::scanner: Discovering "G:\\GitHub\\lotes-en-taganga\\app\\components"
2025-11-24T03:47:44.096753Z  INFO scan_sources: tailwindcss_oxide::scanner: Discovering "G:\\GitHub\\lotes-en-taganga\\app\\components\\Beneficits.tsx"
2025-11-24T03:47:44.097614Z  INFO scan_sources: tailwindcss_oxide::scanner: Discovering "G:\\GitHub\\lotes-en-taganga\\public"
2025-11-24T03:47:44.097853Z  INFO scan_sources: tailwindcss_oxide::scanner: Discovering "G:\\GitHub\\lotes-en-taganga\\public\\images"
2025-11-24T03:47:44.098262Z  INFO scan_sources: tailwindcss_oxide::scanner: exit
2025-11-24T03:47:44.098273Z  INFO extract_candidates: tailwindcss_oxide::scanner: enter
2025-11-24T03:47:44.098278Z  INFO extract_candidates:read_all_files: tailwindcss_oxide::scanner: enter
2025-11-24T03:47:44.098281Z  INFO extract_candidates:read_all_files: tailwindcss_oxide::scanner: Reading 1 file(s)
2025-11-24T03:47:44.098351Z  INFO extract_candidates:read_all_files: tailwindcss_oxide::scanner: Reading "G:\\GitHub\\lotes-en-taganga\\app\\components\\Beneficits.tsx"
2025-11-24T03:47:44.098362Z  INFO extract_candidates:read_all_files: tailwindcss_oxide::scanner: exit
2025-11-24T03:47:44.098366Z  INFO extract_candidates:parse_all_blobs: tailwindcss_oxide::scanner: enter
2025-11-24T03:47:44.098369Z  INFO extract_candidates:parse_all_blobs:extract: tailwindcss_oxide::scanner: enter
2025-11-24T03:47:44.098504Z  INFO extract_candidates:parse_all_blobs:extract: tailwindcss_oxide::scanner: exit
2025-11-24T03:47:44.098519Z  INFO extract_candidates:parse_all_blobs: tailwindcss_oxide::scanner: exit
2025-11-24T03:47:44.098597Z  INFO extract_candidates: tailwindcss_oxide::scanner: exit
2025-11-24T03:47:44.098777Z  INFO get_files: tailwindcss_oxide::scanner: enter
2025-11-24T03:47:44.098783Z  INFO get_files:scan_sources: tailwindcss_oxide::scanner: enter
2025-11-24T03:47:44.099852Z  INFO get_files:scan_sources: tailwindcss_oxide::scanner: Discovering "G:\\GitHub\\lotes-en-taganga\\app"
2025-11-24T03:47:44.100012Z  INFO get_files:scan_sources: tailwindcss_oxide::scanner: Discovering "G:\\GitHub\\lotes-en-taganga\\app\\components"
2025-11-24T03:47:44.100844Z  INFO get_files:scan_sources: tailwindcss_oxide::scanner: Discovering "G:\\GitHub\\lotes-en-taganga\\public"
2025-11-24T03:47:44.101060Z  INFO get_files:scan_sources: tailwindcss_oxide::scanner: Discovering "G:\\GitHub\\lotes-en-taganga\\public\\images"
2025-11-24T03:47:44.101432Z  INFO get_files:scan_sources: tailwindcss_oxide::scanner: exit
2025-11-24T03:47:44.101533Z  INFO get_files: tailwindcss_oxide::scanner: exit
2025-11-24T03:47:44.101620Z  INFO get_globs: tailwindcss_oxide::scanner: enter
2025-11-24T03:47:44.101626Z  INFO get_globs: tailwindcss_oxide::scanner: exit
2025-11-24T03:47:46.895665Z  INFO scan_sources: tailwindcss_oxide::scanner: enter
2025-11-24T03:47:46.897130Z  INFO scan_sources: tailwindcss_oxide::scanner: Discovering "G:\\GitHub\\lotes-en-taganga\\app"
2025-11-24T03:47:46.897303Z  INFO scan_sources: tailwindcss_oxide::scanner: Discovering "G:\\GitHub\\lotes-en-taganga\\app\\components"
2025-11-24T03:47:46.897444Z  INFO scan_sources: tailwindcss_oxide::scanner: Discovering "G:\\GitHub\\lotes-en-taganga\\app\\components\\Beneficits.tsx"
2025-11-24T03:47:46.898192Z  INFO scan_sources: tailwindcss_oxide::scanner: Discovering "G:\\GitHub\\lotes-en-taganga\\public"
2025-11-24T03:47:46.898411Z  INFO scan_sources: tailwindcss_oxide::scanner: Discovering "G:\\GitHub\\lotes-en-taganga\\public\\images"
2025-11-24T03:47:46.898906Z  INFO scan_sources: tailwindcss_oxide::scanner: exit
2025-11-24T03:47:46.898916Z  INFO extract_candidates: tailwindcss_oxide::scanner: enter
2025-11-24T03:47:46.898921Z  INFO extract_candidates:read_all_files: tailwindcss_oxide::scanner: enter
2025-11-24T03:47:46.898924Z  INFO extract_candidates:read_all_files: tailwindcss_oxide::scanner: Reading 1 file(s)
2025-11-24T03:47:46.898987Z  INFO extract_candidates:read_all_files: tailwindcss_oxide::scanner: Reading "G:\\GitHub\\lotes-en-taganga\\app\\components\\Beneficits.tsx"
2025-11-24T03:47:46.898997Z  INFO extract_candidates:read_all_files: tailwindcss_oxide::scanner: exit
2025-11-24T03:47:46.899001Z  INFO extract_candidates:parse_all_blobs: tailwindcss_oxide::scanner: enter
2025-11-24T03:47:46.899005Z  INFO extract_candidates:parse_all_blobs:extract: tailwindcss_oxide::scanner: enter
2025-11-24T03:47:46.899199Z  INFO extract_candidates:parse_all_blobs:extract: tailwindcss_oxide::scanner: exit
2025-11-24T03:47:46.899212Z  INFO extract_candidates:parse_all_blobs: tailwindcss_oxide::scanner: exit
2025-11-24T03:47:46.899302Z  INFO extract_candidates: tailwindcss_oxide::scanner: exit
2025-11-24T03:47:46.899502Z  INFO get_files: tailwindcss_oxide::scanner: enter
2025-11-24T03:47:46.899511Z  INFO get_files:scan_sources: tailwindcss_oxide::scanner: enter
2025-11-24T03:47:46.900677Z  INFO get_files:scan_sources: tailwindcss_oxide::scanner: Discovering "G:\\GitHub\\lotes-en-taganga\\app"
2025-11-24T03:47:46.900844Z  INFO get_files:scan_sources: tailwindcss_oxide::scanner: Discovering "G:\\GitHub\\lotes-en-taganga\\app\\components"
2025-11-24T03:47:46.901645Z  INFO get_files:scan_sources: tailwindcss_oxide::scanner: Discovering "G:\\GitHub\\lotes-en-taganga\\public"
2025-11-24T03:47:46.901854Z  INFO get_files:scan_sources: tailwindcss_oxide::scanner: Discovering "G:\\GitHub\\lotes-en-taganga\\public\\images"
2025-11-24T03:47:46.902225Z  INFO get_files:scan_sources: tailwindcss_oxide::scanner: exit
2025-11-24T03:47:46.902337Z  INFO get_files: tailwindcss_oxide::scanner: exit
2025-11-24T03:47:46.902423Z  INFO get_globs: tailwindcss_oxide::scanner: enter
2025-11-24T03:47:46.902430Z  INFO get_globs: tailwindcss_oxide::scanner: exit
2025-11-24T03:51:21.127439Z  INFO scan_sources: tailwindcss_oxide::scanner: enter
2025-11-24T03:51:21.128826Z  INFO scan_sources: tailwindcss_oxide::scanner: Discovering "G:\\GitHub\\lotes-en-taganga\\app"
2025-11-24T03:51:21.129006Z  INFO scan_sources: tailwindcss_oxide::scanner: Discovering "G:\\GitHub\\lotes-en-taganga\\app\\components"
2025-11-24T03:51:21.129386Z  INFO scan_sources: tailwindcss_oxide::scanner: Discovering "G:\\GitHub\\lotes-en-taganga\\app\\components\\UseCase.tsx"
2025-11-24T03:51:21.129980Z  INFO scan_sources: tailwindcss_oxide::scanner: Discovering "G:\\GitHub\\lotes-en-taganga\\public"
2025-11-24T03:51:21.130381Z  INFO scan_sources: tailwindcss_oxide::scanner: Discovering "G:\\GitHub\\lotes-en-taganga\\public\\images"
2025-11-24T03:51:21.131131Z  INFO scan_sources: tailwindcss_oxide::scanner: exit
2025-11-24T03:51:21.131153Z  INFO extract_candidates: tailwindcss_oxide::scanner: enter
2025-11-24T03:51:21.131160Z  INFO extract_candidates:read_all_files: tailwindcss_oxide::scanner: enter
2025-11-24T03:51:21.131163Z  INFO extract_candidates:read_all_files: tailwindcss_oxide::scanner: Reading 1 file(s)
2025-11-24T03:51:21.131274Z  INFO extract_candidates:read_all_files: tailwindcss_oxide::scanner: Reading "G:\\GitHub\\lotes-en-taganga\\app\\components\\UseCase.tsx"
2025-11-24T03:51:21.131288Z  INFO extract_candidates:read_all_files: tailwindcss_oxide::scanner: exit
2025-11-24T03:51:21.131292Z  INFO extract_candidates:parse_all_blobs: tailwindcss_oxide::scanner: enter
2025-11-24T03:51:21.131296Z  INFO extract_candidates:parse_all_blobs:extract: tailwindcss_oxide::scanner: enter
2025-11-24T03:51:21.134066Z  INFO extract_candidates:parse_all_blobs:extract: tailwindcss_oxide::scanner: exit
2025-11-24T03:51:21.134095Z  INFO extract_candidates:parse_all_blobs: tailwindcss_oxide::scanner: exit
2025-11-24T03:51:21.134347Z  INFO extract_candidates: tailwindcss_oxide::scanner: exit
2025-11-24T03:51:21.134561Z  INFO get_files: tailwindcss_oxide::scanner: enter
2025-11-24T03:51:21.134569Z  INFO get_files:scan_sources: tailwindcss_oxide::scanner: enter
2025-11-24T03:51:21.135784Z  INFO get_files:scan_sources: tailwindcss_oxide::scanner: Discovering "G:\\GitHub\\lotes-en-taganga\\app"
2025-11-24T03:51:21.135949Z  INFO get_files:scan_sources: tailwindcss_oxide::scanner: Discovering "G:\\GitHub\\lotes-en-taganga\\app\\components"
2025-11-24T03:51:21.137019Z  INFO get_files:scan_sources: tailwindcss_oxide::scanner: Discovering "G:\\GitHub\\lotes-en-taganga\\public"
2025-11-24T03:51:21.137247Z  INFO get_files:scan_sources: tailwindcss_oxide::scanner: Discovering "G:\\GitHub\\lotes-en-taganga\\public\\images"
2025-11-24T03:51:21.137675Z  INFO get_files:scan_sources: tailwindcss_oxide::scanner: exit
2025-11-24T03:51:21.137783Z  INFO get_files: tailwindcss_oxide::scanner: exit
2025-11-24T03:51:21.137878Z  INFO get_globs: tailwindcss_oxide::scanner: enter
2025-11-24T03:51:21.137886Z  INFO get_globs: tailwindcss_oxide::scanner: exit
2025-11-24T03:51:50.221333Z  INFO scan_sources: tailwindcss_oxide::scanner: enter
2025-11-24T03:51:50.222837Z  INFO scan_sources: tailwindcss_oxide::scanner: Discovering "G:\\GitHub\\lotes-en-taganga\\app"
2025-11-24T03:51:50.223008Z  INFO scan_sources: tailwindcss_oxide::scanner: Discovering "G:\\GitHub\\lotes-en-taganga\\app\\components"
2025-11-24T03:51:50.223428Z  INFO scan_sources: tailwindcss_oxide::scanner: Discovering "G:\\GitHub\\lotes-en-taganga\\app\\components\\UseCase.tsx"
2025-11-24T03:51:50.224026Z  INFO scan_sources: tailwindcss_oxide::scanner: Discovering "G:\\GitHub\\lotes-en-taganga\\public"
2025-11-24T03:51:50.224271Z  INFO scan_sources: tailwindcss_oxide::scanner: Discovering "G:\\GitHub\\lotes-en-taganga\\public\\images"
2025-11-24T03:51:50.224700Z  INFO scan_sources: tailwindcss_oxide::scanner: exit
2025-11-24T03:51:50.224710Z  INFO extract_candidates: tailwindcss_oxide::scanner: enter
2025-11-24T03:51:50.224715Z  INFO extract_candidates:read_all_files: tailwindcss_oxide::scanner: enter
2025-11-24T03:51:50.224718Z  INFO extract_candidates:read_all_files: tailwindcss_oxide::scanner: Reading 1 file(s)
2025-11-24T03:51:50.224906Z  INFO extract_candidates:read_all_files: tailwindcss_oxide::scanner: Reading "G:\\GitHub\\lotes-en-taganga\\app\\components\\UseCase.tsx"
2025-11-24T03:51:50.224920Z  INFO extract_candidates:read_all_files: tailwindcss_oxide::scanner: exit
2025-11-24T03:51:50.224925Z  INFO extract_candidates:parse_all_blobs: tailwindcss_oxide::scanner: enter
2025-11-24T03:51:50.224928Z  INFO extract_candidates:parse_all_blobs:extract: tailwindcss_oxide::scanner: enter
2025-11-24T03:51:50.225134Z  INFO extract_candidates:parse_all_blobs:extract: tailwindcss_oxide::scanner: exit
2025-11-24T03:51:50.225149Z  INFO extract_candidates:parse_all_blobs: tailwindcss_oxide::scanner: exit
2025-11-24T03:51:50.225697Z  INFO extract_candidates: tailwindcss_oxide::scanner: exit
2025-11-24T03:51:50.225943Z  INFO get_files: tailwindcss_oxide::scanner: enter
2025-11-24T03:51:50.225951Z  INFO get_files:scan_sources: tailwindcss_oxide::scanner: enter
2025-11-24T03:51:50.227417Z  INFO get_files:scan_sources: tailwindcss_oxide::scanner: Discovering "G:\\GitHub\\lotes-en-taganga\\app"
2025-11-24T03:51:50.227590Z  INFO get_files:scan_sources: tailwindcss_oxide::scanner: Discovering "G:\\GitHub\\lotes-en-taganga\\app\\components"
2025-11-24T03:51:50.228456Z  INFO get_files:scan_sources: tailwindcss_oxide::scanner: Discovering "G:\\GitHub\\lotes-en-taganga\\public"
2025-11-24T03:51:50.228681Z  INFO get_files:scan_sources: tailwindcss_oxide::scanner: Discovering "G:\\GitHub\\lotes-en-taganga\\public\\images"
2025-11-24T03:51:50.229069Z  INFO get_files:scan_sources: tailwindcss_oxide::scanner: exit
2025-11-24T03:51:50.229182Z  INFO get_files: tailwindcss_oxide::scanner: exit
2025-11-24T03:51:50.229294Z  INFO get_globs: tailwindcss_oxide::scanner: enter
2025-11-24T03:51:50.229300Z  INFO get_globs: tailwindcss_oxide::scanner: exit
2025-11-24T03:52:24.842657Z  INFO scan_sources: tailwindcss_oxide::scanner: enter
2025-11-24T03:52:24.844132Z  INFO scan_sources: tailwindcss_oxide::scanner: Discovering "G:\\GitHub\\lotes-en-taganga\\app"
2025-11-24T03:52:24.844306Z  INFO scan_sources: tailwindcss_oxide::scanner: Discovering "G:\\GitHub\\lotes-en-taganga\\app\\components"
2025-11-24T03:52:24.844703Z  INFO scan_sources: tailwindcss_oxide::scanner: Discovering "G:\\GitHub\\lotes-en-taganga\\app\\components\\UseCase.tsx"
2025-11-24T03:52:24.845280Z  INFO scan_sources: tailwindcss_oxide::scanner: Discovering "G:\\GitHub\\lotes-en-taganga\\public"
2025-11-24T03:52:24.845581Z  INFO scan_sources: tailwindcss_oxide::scanner: Discovering "G:\\GitHub\\lotes-en-taganga\\public\\images"
2025-11-24T03:52:24.846020Z  INFO scan_sources: tailwindcss_oxide::scanner: exit
2025-11-24T03:52:24.846032Z  INFO extract_candidates: tailwindcss_oxide::scanner: enter
2025-11-24T03:52:24.846041Z  INFO extract_candidates:read_all_files: tailwindcss_oxide::scanner: enter
2025-11-24T03:52:24.846046Z  INFO extract_candidates:read_all_files: tailwindcss_oxide::scanner: Reading 1 file(s)
2025-11-24T03:52:24.846125Z  INFO extract_candidates:read_all_files: tailwindcss_oxide::scanner: Reading "G:\\GitHub\\lotes-en-taganga\\app\\components\\UseCase.tsx"
2025-11-24T03:52:24.846137Z  INFO extract_candidates:read_all_files: tailwindcss_oxide::scanner: exit
2025-11-24T03:52:24.846142Z  INFO extract_candidates:parse_all_blobs: tailwindcss_oxide::scanner: enter
2025-11-24T03:52:24.846146Z  INFO extract_candidates:parse_all_blobs:extract: tailwindcss_oxide::scanner: enter
2025-11-24T03:52:24.846731Z  INFO extract_candidates:parse_all_blobs:extract: tailwindcss_oxide::scanner: exit
2025-11-24T03:52:24.846744Z  INFO extract_candidates:parse_all_blobs: tailwindcss_oxide::scanner: exit
2025-11-24T03:52:24.846831Z  INFO extract_candidates: tailwindcss_oxide::scanner: exit
2025-11-24T03:52:24.847055Z  INFO get_files: tailwindcss_oxide::scanner: enter
2025-11-24T03:52:24.847062Z  INFO get_files:scan_sources: tailwindcss_oxide::scanner: enter
2025-11-24T03:52:24.848215Z  INFO get_files:scan_sources: tailwindcss_oxide::scanner: Discovering "G:\\GitHub\\lotes-en-taganga\\app"
2025-11-24T03:52:24.848378Z  INFO get_files:scan_sources: tailwindcss_oxide::scanner: Discovering "G:\\GitHub\\lotes-en-taganga\\app\\components"
2025-11-24T03:52:24.849217Z  INFO get_files:scan_sources: tailwindcss_oxide::scanner: Discovering "G:\\GitHub\\lotes-en-taganga\\public"
2025-11-24T03:52:24.849438Z  INFO get_files:scan_sources: tailwindcss_oxide::scanner: Discovering "G:\\GitHub\\lotes-en-taganga\\public\\images"
2025-11-24T03:52:24.849821Z  INFO get_files:scan_sources: tailwindcss_oxide::scanner: exit
2025-11-24T03:52:24.849948Z  INFO get_files: tailwindcss_oxide::scanner: exit
2025-11-24T03:52:24.850052Z  INFO get_globs: tailwindcss_oxide::scanner: enter
2025-11-24T03:52:24.850059Z  INFO get_globs: tailwindcss_oxide::scanner: exit
2025-11-24T03:53:06.807330Z  INFO scan_sources: tailwindcss_oxide::scanner: enter
2025-11-24T03:53:06.808791Z  INFO scan_sources: tailwindcss_oxide::scanner: Discovering "G:\\GitHub\\lotes-en-taganga\\app"
2025-11-24T03:53:06.809032Z  INFO scan_sources: tailwindcss_oxide::scanner: Discovering "G:\\GitHub\\lotes-en-taganga\\app\\components"
2025-11-24T03:53:06.809400Z  INFO scan_sources: tailwindcss_oxide::scanner: Discovering "G:\\GitHub\\lotes-en-taganga\\app\\components\\UseCase.tsx"
2025-11-24T03:53:06.809948Z  INFO scan_sources: tailwindcss_oxide::scanner: Discovering "G:\\GitHub\\lotes-en-taganga\\public"
2025-11-24T03:53:06.810172Z  INFO scan_sources: tailwindcss_oxide::scanner: Discovering "G:\\GitHub\\lotes-en-taganga\\public\\images"
2025-11-24T03:53:06.810566Z  INFO scan_sources: tailwindcss_oxide::scanner: exit
2025-11-24T03:53:06.810576Z  INFO extract_candidates: tailwindcss_oxide::scanner: enter
2025-11-24T03:53:06.810581Z  INFO extract_candidates:read_all_files: tailwindcss_oxide::scanner: enter
2025-11-24T03:53:06.810585Z  INFO extract_candidates:read_all_files: tailwindcss_oxide::scanner: Reading 1 file(s)
2025-11-24T03:53:06.810655Z  INFO extract_candidates:read_all_files: tailwindcss_oxide::scanner: Reading "G:\\GitHub\\lotes-en-taganga\\app\\components\\UseCase.tsx"
2025-11-24T03:53:06.810666Z  INFO extract_candidates:read_all_files: tailwindcss_oxide::scanner: exit
2025-11-24T03:53:06.810671Z  INFO extract_candidates:parse_all_blobs: tailwindcss_oxide::scanner: enter
2025-11-24T03:53:06.810675Z  INFO extract_candidates:parse_all_blobs:extract: tailwindcss_oxide::scanner: enter
2025-11-24T03:53:06.810855Z  INFO extract_candidates:parse_all_blobs:extract: tailwindcss_oxide::scanner: exit
2025-11-24T03:53:06.810869Z  INFO extract_candidates:parse_all_blobs: tailwindcss_oxide::scanner: exit
2025-11-24T03:53:06.810953Z  INFO extract_candidates: tailwindcss_oxide::scanner: exit
2025-11-24T03:53:06.811177Z  INFO get_files: tailwindcss_oxide::scanner: enter
2025-11-24T03:53:06.811185Z  INFO get_files:scan_sources: tailwindcss_oxide::scanner: enter
2025-11-24T03:53:06.812273Z  INFO get_files:scan_sources: tailwindcss_oxide::scanner: Discovering "G:\\GitHub\\lotes-en-taganga\\app"
2025-11-24T03:53:06.812436Z  INFO get_files:scan_sources: tailwindcss_oxide::scanner: Discovering "G:\\GitHub\\lotes-en-taganga\\app\\components"
2025-11-24T03:53:06.813253Z  INFO get_files:scan_sources: tailwindcss_oxide::scanner: Discovering "G:\\GitHub\\lotes-en-taganga\\public"
2025-11-24T03:53:06.813471Z  INFO get_files:scan_sources: tailwindcss_oxide::scanner: Discovering "G:\\GitHub\\lotes-en-taganga\\public\\images"
2025-11-24T03:53:06.814343Z  INFO get_files:scan_sources: tailwindcss_oxide::scanner: exit
2025-11-24T03:53:06.814480Z  INFO get_files: tailwindcss_oxide::scanner: exit
2025-11-24T03:53:06.814568Z  INFO get_globs: tailwindcss_oxide::scanner: enter
2025-11-24T03:53:06.814575Z  INFO get_globs: tailwindcss_oxide::scanner: exit
2025-11-24T03:53:14.523433Z  INFO scan_sources: tailwindcss_oxide::scanner: enter
2025-11-24T03:53:14.524755Z  INFO scan_sources: tailwindcss_oxide::scanner: Discovering "G:\\GitHub\\lotes-en-taganga\\app"
2025-11-24T03:53:14.524920Z  INFO scan_sources: tailwindcss_oxide::scanner: Discovering "G:\\GitHub\\lotes-en-taganga\\app\\components"
2025-11-24T03:53:14.525291Z  INFO scan_sources: tailwindcss_oxide::scanner: Discovering "G:\\GitHub\\lotes-en-taganga\\app\\components\\UseCase.tsx"
2025-11-24T03:53:14.525813Z  INFO scan_sources: tailwindcss_oxide::scanner: Discovering "G:\\GitHub\\lotes-en-taganga\\public"
2025-11-24T03:53:14.526033Z  INFO scan_sources: tailwindcss_oxide::scanner: Discovering "G:\\GitHub\\lotes-en-taganga\\public\\images"
2025-11-24T03:53:14.526475Z  INFO scan_sources: tailwindcss_oxide::scanner: exit
2025-11-24T03:53:14.526484Z  INFO extract_candidates: tailwindcss_oxide::scanner: enter
2025-11-24T03:53:14.526489Z  INFO extract_candidates:read_all_files: tailwindcss_oxide::scanner: enter
2025-11-24T03:53:14.526499Z  INFO extract_candidates:read_all_files: tailwindcss_oxide::scanner: Reading 1 file(s)
2025-11-24T03:53:14.526561Z  INFO extract_candidates:read_all_files: tailwindcss_oxide::scanner: Reading "G:\\GitHub\\lotes-en-taganga\\app\\components\\UseCase.tsx"
2025-11-24T03:53:14.526571Z  INFO extract_candidates:read_all_files: tailwindcss_oxide::scanner: exit
2025-11-24T03:53:14.526575Z  INFO extract_candidates:parse_all_blobs: tailwindcss_oxide::scanner: enter
2025-11-24T03:53:14.526578Z  INFO extract_candidates:parse_all_blobs:extract: tailwindcss_oxide::scanner: enter
2025-11-24T03:53:14.526819Z  INFO extract_candidates:parse_all_blobs:extract: tailwindcss_oxide::scanner: exit
2025-11-24T03:53:14.526843Z  INFO extract_candidates:parse_all_blobs: tailwindcss_oxide::scanner: exit
2025-11-24T03:53:14.527023Z  INFO extract_candidates: tailwindcss_oxide::scanner: exit
2025-11-24T03:53:14.527216Z  INFO get_files: tailwindcss_oxide::scanner: enter
2025-11-24T03:53:14.527222Z  INFO get_files:scan_sources: tailwindcss_oxide::scanner: enter
2025-11-24T03:53:14.528372Z  INFO get_files:scan_sources: tailwindcss_oxide::scanner: Discovering "G:\\GitHub\\lotes-en-taganga\\app"
2025-11-24T03:53:14.528533Z  INFO get_files:scan_sources: tailwindcss_oxide::scanner: Discovering "G:\\GitHub\\lotes-en-taganga\\app\\components"
2025-11-24T03:53:14.529374Z  INFO get_files:scan_sources: tailwindcss_oxide::scanner: Discovering "G:\\GitHub\\lotes-en-taganga\\public"
2025-11-24T03:53:14.529588Z  INFO get_files:scan_sources: tailwindcss_oxide::scanner: Discovering "G:\\GitHub\\lotes-en-taganga\\public\\images"
2025-11-24T03:53:14.529962Z  INFO get_files:scan_sources: tailwindcss_oxide::scanner: exit
2025-11-24T03:53:14.530104Z  INFO get_files: tailwindcss_oxide::scanner: exit
2025-11-24T03:53:14.530202Z  INFO get_globs: tailwindcss_oxide::scanner: enter
2025-11-24T03:53:14.530208Z  INFO get_globs: tailwindcss_oxide::scanner: exit
2025-11-24T03:53:25.186454Z  INFO scan_sources: tailwindcss_oxide::scanner: enter
2025-11-24T03:53:25.188274Z  INFO scan_sources: tailwindcss_oxide::scanner: Discovering "G:\\GitHub\\lotes-en-taganga\\app"
2025-11-24T03:53:25.188475Z  INFO scan_sources: tailwindcss_oxide::scanner: Discovering "G:\\GitHub\\lotes-en-taganga\\app\\components"
2025-11-24T03:53:25.188882Z  INFO scan_sources: tailwindcss_oxide::scanner: Discovering "G:\\GitHub\\lotes-en-taganga\\app\\components\\UseCase.tsx"
2025-11-24T03:53:25.189644Z  INFO scan_sources: tailwindcss_oxide::scanner: Discovering "G:\\GitHub\\lotes-en-taganga\\public"
2025-11-24T03:53:25.189880Z  INFO scan_sources: tailwindcss_oxide::scanner: Discovering "G:\\GitHub\\lotes-en-taganga\\public\\images"
2025-11-24T03:53:25.190297Z  INFO scan_sources: tailwindcss_oxide::scanner: exit
2025-11-24T03:53:25.190308Z  INFO extract_candidates: tailwindcss_oxide::scanner: enter
2025-11-24T03:53:25.190313Z  INFO extract_candidates:read_all_files: tailwindcss_oxide::scanner: enter
2025-11-24T03:53:25.190317Z  INFO extract_candidates:read_all_files: tailwindcss_oxide::scanner: Reading 1 file(s)
2025-11-24T03:53:25.190394Z  INFO extract_candidates:read_all_files: tailwindcss_oxide::scanner: Reading "G:\\GitHub\\lotes-en-taganga\\app\\components\\UseCase.tsx"
2025-11-24T03:53:25.190405Z  INFO extract_candidates:read_all_files: tailwindcss_oxide::scanner: exit
2025-11-24T03:53:25.190410Z  INFO extract_candidates:parse_all_blobs: tailwindcss_oxide::scanner: enter
2025-11-24T03:53:25.190413Z  INFO extract_candidates:parse_all_blobs:extract: tailwindcss_oxide::scanner: enter
2025-11-24T03:53:25.190617Z  INFO extract_candidates:parse_all_blobs:extract: tailwindcss_oxide::scanner: exit
2025-11-24T03:53:25.190630Z  INFO extract_candidates:parse_all_blobs: tailwindcss_oxide::scanner: exit
2025-11-24T03:53:25.190735Z  INFO extract_candidates: tailwindcss_oxide::scanner: exit
2025-11-24T03:53:25.190952Z  INFO get_files: tailwindcss_oxide::scanner: enter
2025-11-24T03:53:25.190960Z  INFO get_files:scan_sources: tailwindcss_oxide::scanner: enter
2025-11-24T03:53:25.192091Z  INFO get_files:scan_sources: tailwindcss_oxide::scanner: Discovering "G:\\GitHub\\lotes-en-taganga\\app"
2025-11-24T03:53:25.192255Z  INFO get_files:scan_sources: tailwindcss_oxide::scanner: Discovering "G:\\GitHub\\lotes-en-taganga\\app\\components"
2025-11-24T03:53:25.193103Z  INFO get_files:scan_sources: tailwindcss_oxide::scanner: Discovering "G:\\GitHub\\lotes-en-taganga\\public"
2025-11-24T03:53:25.193321Z  INFO get_files:scan_sources: tailwindcss_oxide::scanner: Discovering "G:\\GitHub\\lotes-en-taganga\\public\\images"
2025-11-24T03:53:25.193704Z  INFO get_files:scan_sources: tailwindcss_oxide::scanner: exit
2025-11-24T03:53:25.193916Z  INFO get_files: tailwindcss_oxide::scanner: exit
2025-11-24T03:53:25.194041Z  INFO get_globs: tailwindcss_oxide::scanner: enter
2025-11-24T03:53:25.194050Z  INFO get_globs: tailwindcss_oxide::scanner: exit
2025-11-24T03:53:27.067918Z  INFO scan_sources: tailwindcss_oxide::scanner: enter
2025-11-24T03:53:27.069650Z  INFO scan_sources: tailwindcss_oxide::scanner: Discovering "G:\\GitHub\\lotes-en-taganga\\app"
2025-11-24T03:53:27.069884Z  INFO scan_sources: tailwindcss_oxide::scanner: Discovering "G:\\GitHub\\lotes-en-taganga\\app\\components"
2025-11-24T03:53:27.070259Z  INFO scan_sources: tailwindcss_oxide::scanner: Discovering "G:\\GitHub\\lotes-en-taganga\\app\\components\\UseCase.tsx"
2025-11-24T03:53:27.070852Z  INFO scan_sources: tailwindcss_oxide::scanner: Discovering "G:\\GitHub\\lotes-en-taganga\\public"
2025-11-24T03:53:27.071119Z  INFO scan_sources: tailwindcss_oxide::scanner: Discovering "G:\\GitHub\\lotes-en-taganga\\public\\images"
2025-11-24T03:53:27.071549Z  INFO scan_sources: tailwindcss_oxide::scanner: exit
2025-11-24T03:53:27.071560Z  INFO extract_candidates: tailwindcss_oxide::scanner: enter
2025-11-24T03:53:27.071565Z  INFO extract_candidates:read_all_files: tailwindcss_oxide::scanner: enter
2025-11-24T03:53:27.071569Z  INFO extract_candidates:read_all_files: tailwindcss_oxide::scanner: Reading 1 file(s)
2025-11-24T03:53:27.071641Z  INFO extract_candidates:read_all_files: tailwindcss_oxide::scanner: Reading "G:\\GitHub\\lotes-en-taganga\\app\\components\\UseCase.tsx"
2025-11-24T03:53:27.071656Z  INFO extract_candidates:read_all_files: tailwindcss_oxide::scanner: exit
2025-11-24T03:53:27.071662Z  INFO extract_candidates:parse_all_blobs: tailwindcss_oxide::scanner: enter
2025-11-24T03:53:27.071665Z  INFO extract_candidates:parse_all_blobs:extract: tailwindcss_oxide::scanner: enter
2025-11-24T03:53:27.071849Z  INFO extract_candidates:parse_all_blobs:extract: tailwindcss_oxide::scanner: exit
2025-11-24T03:53:27.071862Z  INFO extract_candidates:parse_all_blobs: tailwindcss_oxide::scanner: exit
2025-11-24T03:53:27.071992Z  INFO extract_candidates: tailwindcss_oxide::scanner: exit
2025-11-24T03:53:27.072216Z  INFO get_files: tailwindcss_oxide::scanner: enter
2025-11-24T03:53:27.072224Z  INFO get_files:scan_sources: tailwindcss_oxide::scanner: enter
2025-11-24T03:53:27.073300Z  INFO get_files:scan_sources: tailwindcss_oxide::scanner: Discovering "G:\\GitHub\\lotes-en-taganga\\app"
2025-11-24T03:53:27.073493Z  INFO get_files:scan_sources: tailwindcss_oxide::scanner: Discovering "G:\\GitHub\\lotes-en-taganga\\app\\components"
2025-11-24T03:53:27.074449Z  INFO get_files:scan_sources: tailwindcss_oxide::scanner: Discovering "G:\\GitHub\\lotes-en-taganga\\public"
2025-11-24T03:53:27.074676Z  INFO get_files:scan_sources: tailwindcss_oxide::scanner: Discovering "G:\\GitHub\\lotes-en-taganga\\public\\images"
2025-11-24T03:53:27.075048Z  INFO get_files:scan_sources: tailwindcss_oxide::scanner: exit
2025-11-24T03:53:27.075176Z  INFO get_files: tailwindcss_oxide::scanner: exit
2025-11-24T03:53:27.075283Z  INFO get_globs: tailwindcss_oxide::scanner: enter
2025-11-24T03:53:27.075289Z  INFO get_globs: tailwindcss_oxide::scanner: exit
2025-11-24T03:53:44.157817Z  INFO scan_sources: tailwindcss_oxide::scanner: enter
2025-11-24T03:53:44.159163Z  INFO scan_sources: tailwindcss_oxide::scanner: Discovering "G:\\GitHub\\lotes-en-taganga\\app"
2025-11-24T03:53:44.159351Z  INFO scan_sources: tailwindcss_oxide::scanner: Discovering "G:\\GitHub\\lotes-en-taganga\\app\\components"
2025-11-24T03:53:44.159810Z  INFO scan_sources: tailwindcss_oxide::scanner: Discovering "G:\\GitHub\\lotes-en-taganga\\app\\components\\UseCase.tsx"
2025-11-24T03:53:44.160511Z  INFO scan_sources: tailwindcss_oxide::scanner: Discovering "G:\\GitHub\\lotes-en-taganga\\public"
2025-11-24T03:53:44.160744Z  INFO scan_sources: tailwindcss_oxide::scanner: Discovering "G:\\GitHub\\lotes-en-taganga\\public\\images"
2025-11-24T03:53:44.161139Z  INFO scan_sources: tailwindcss_oxide::scanner: exit
2025-11-24T03:53:44.161150Z  INFO extract_candidates: tailwindcss_oxide::scanner: enter
2025-11-24T03:53:44.161154Z  INFO extract_candidates:read_all_files: tailwindcss_oxide::scanner: enter
2025-11-24T03:53:44.161157Z  INFO extract_candidates:read_all_files: tailwindcss_oxide::scanner: Reading 1 file(s)
2025-11-24T03:53:44.161234Z  INFO extract_candidates:read_all_files: tailwindcss_oxide::scanner: Reading "G:\\GitHub\\lotes-en-taganga\\app\\components\\UseCase.tsx"
2025-11-24T03:53:44.161246Z  INFO extract_candidates:read_all_files: tailwindcss_oxide::scanner: exit
2025-11-24T03:53:44.161250Z  INFO extract_candidates:parse_all_blobs: tailwindcss_oxide::scanner: enter
2025-11-24T03:53:44.161253Z  INFO extract_candidates:parse_all_blobs:extract: tailwindcss_oxide::scanner: enter
2025-11-24T03:53:44.161443Z  INFO extract_candidates:parse_all_blobs:extract: tailwindcss_oxide::scanner: exit
2025-11-24T03:53:44.161457Z  INFO extract_candidates:parse_all_blobs: tailwindcss_oxide::scanner: exit
2025-11-24T03:53:44.161903Z  INFO extract_candidates: tailwindcss_oxide::scanner: exit
2025-11-24T03:53:44.162124Z  INFO get_files: tailwindcss_oxide::scanner: enter
2025-11-24T03:53:44.162131Z  INFO get_files:scan_sources: tailwindcss_oxide::scanner: enter
2025-11-24T03:53:44.163226Z  INFO get_files:scan_sources: tailwindcss_oxide::scanner: Discovering "G:\\GitHub\\lotes-en-taganga\\app"
2025-11-24T03:53:44.163388Z  INFO get_files:scan_sources: tailwindcss_oxide::scanner: Discovering "G:\\GitHub\\lotes-en-taganga\\app\\components"
2025-11-24T03:53:44.164326Z  INFO get_files:scan_sources: tailwindcss_oxide::scanner: Discovering "G:\\GitHub\\lotes-en-taganga\\public"
2025-11-24T03:53:44.164549Z  INFO get_files:scan_sources: tailwindcss_oxide::scanner: Discovering "G:\\GitHub\\lotes-en-taganga\\public\\images"
2025-11-24T03:53:44.164931Z  INFO get_files:scan_sources: tailwindcss_oxide::scanner: exit
2025-11-24T03:53:44.165052Z  INFO get_files: tailwindcss_oxide::scanner: exit
2025-11-24T03:53:44.165177Z  INFO get_globs: tailwindcss_oxide::scanner: enter
2025-11-24T03:53:44.165185Z  INFO get_globs: tailwindcss_oxide::scanner: exit
2025-11-24T03:54:37.430107Z  INFO scan_sources: tailwindcss_oxide::scanner: enter
2025-11-24T03:54:37.431584Z  INFO scan_sources: tailwindcss_oxide::scanner: Discovering "G:\\GitHub\\lotes-en-taganga\\app"
2025-11-24T03:54:37.431768Z  INFO scan_sources: tailwindcss_oxide::scanner: Discovering "G:\\GitHub\\lotes-en-taganga\\app\\components"
2025-11-24T03:54:37.432196Z  INFO scan_sources: tailwindcss_oxide::scanner: Discovering "G:\\GitHub\\lotes-en-taganga\\app\\components\\UseCase.tsx"
2025-11-24T03:54:37.432807Z  INFO scan_sources: tailwindcss_oxide::scanner: Discovering "G:\\GitHub\\lotes-en-taganga\\public"
2025-11-24T03:54:37.433030Z  INFO scan_sources: tailwindcss_oxide::scanner: Discovering "G:\\GitHub\\lotes-en-taganga\\public\\images"
2025-11-24T03:54:37.433417Z  INFO scan_sources: tailwindcss_oxide::scanner: exit
2025-11-24T03:54:37.433427Z  INFO extract_candidates: tailwindcss_oxide::scanner: enter
2025-11-24T03:54:37.433432Z  INFO extract_candidates:read_all_files: tailwindcss_oxide::scanner: enter
2025-11-24T03:54:37.433436Z  INFO extract_candidates:read_all_files: tailwindcss_oxide::scanner: Reading 1 file(s)
2025-11-24T03:54:37.433503Z  INFO extract_candidates:read_all_files: tailwindcss_oxide::scanner: Reading "G:\\GitHub\\lotes-en-taganga\\app\\components\\UseCase.tsx"
2025-11-24T03:54:37.433514Z  INFO extract_candidates:read_all_files: tailwindcss_oxide::scanner: exit
2025-11-24T03:54:37.433518Z  INFO extract_candidates:parse_all_blobs: tailwindcss_oxide::scanner: enter
2025-11-24T03:54:37.433522Z  INFO extract_candidates:parse_all_blobs:extract: tailwindcss_oxide::scanner: enter
2025-11-24T03:54:37.433689Z  INFO extract_candidates:parse_all_blobs:extract: tailwindcss_oxide::scanner: exit
2025-11-24T03:54:37.433697Z  INFO extract_candidates:parse_all_blobs: tailwindcss_oxide::scanner: exit
2025-11-24T03:54:37.433774Z  INFO extract_candidates: tailwindcss_oxide::scanner: exit
2025-11-24T03:54:37.433998Z  INFO get_files: tailwindcss_oxide::scanner: enter
2025-11-24T03:54:37.434006Z  INFO get_files:scan_sources: tailwindcss_oxide::scanner: enter
2025-11-24T03:54:37.435476Z  INFO get_files:scan_sources: tailwindcss_oxide::scanner: Discovering "G:\\GitHub\\lotes-en-taganga\\app"
2025-11-24T03:54:37.435639Z  INFO get_files:scan_sources: tailwindcss_oxide::scanner: Discovering "G:\\GitHub\\lotes-en-taganga\\app\\components"
2025-11-24T03:54:37.436445Z  INFO get_files:scan_sources: tailwindcss_oxide::scanner: Discovering "G:\\GitHub\\lotes-en-taganga\\public"
2025-11-24T03:54:37.436659Z  INFO get_files:scan_sources: tailwindcss_oxide::scanner: Discovering "G:\\GitHub\\lotes-en-taganga\\public\\images"
2025-11-24T03:54:37.437051Z  INFO get_files:scan_sources: tailwindcss_oxide::scanner: exit
2025-11-24T03:54:37.437167Z  INFO get_files: tailwindcss_oxide::scanner: exit
2025-11-24T03:54:37.437287Z  INFO get_globs: tailwindcss_oxide::scanner: enter
2025-11-24T03:54:37.437294Z  INFO get_globs: tailwindcss_oxide::scanner: exit
2025-11-24T03:57:04.205516Z  INFO scan_sources: tailwindcss_oxide::scanner: enter
2025-11-24T03:57:04.206867Z  INFO scan_sources: tailwindcss_oxide::scanner: Discovering "G:\\GitHub\\lotes-en-taganga\\app"
2025-11-24T03:57:04.207035Z  INFO scan_sources: tailwindcss_oxide::scanner: Discovering "G:\\GitHub\\lotes-en-taganga\\app\\components"
2025-11-24T03:57:04.207211Z  INFO scan_sources: tailwindcss_oxide::scanner: Discovering "G:\\GitHub\\lotes-en-taganga\\app\\components\\Gallery.tsx"
2025-11-24T03:57:04.207995Z  INFO scan_sources: tailwindcss_oxide::scanner: Discovering "G:\\GitHub\\lotes-en-taganga\\public"
2025-11-24T03:57:04.208235Z  INFO scan_sources: tailwindcss_oxide::scanner: Discovering "G:\\GitHub\\lotes-en-taganga\\public\\images"
2025-11-24T03:57:04.208636Z  INFO scan_sources: tailwindcss_oxide::scanner: exit
2025-11-24T03:57:04.208646Z  INFO extract_candidates: tailwindcss_oxide::scanner: enter
2025-11-24T03:57:04.208650Z  INFO extract_candidates:read_all_files: tailwindcss_oxide::scanner: enter
2025-11-24T03:57:04.208653Z  INFO extract_candidates:read_all_files: tailwindcss_oxide::scanner: Reading 1 file(s)
2025-11-24T03:57:04.208717Z  INFO extract_candidates:read_all_files: tailwindcss_oxide::scanner: Reading "G:\\GitHub\\lotes-en-taganga\\app\\components\\Gallery.tsx"
2025-11-24T03:57:04.208727Z  INFO extract_candidates:read_all_files: tailwindcss_oxide::scanner: exit
2025-11-24T03:57:04.208732Z  INFO extract_candidates:parse_all_blobs: tailwindcss_oxide::scanner: enter
2025-11-24T03:57:04.208735Z  INFO extract_candidates:parse_all_blobs:extract: tailwindcss_oxide::scanner: enter
2025-11-24T03:57:04.279631Z  INFO extract_candidates:parse_all_blobs:extract: tailwindcss_oxide::scanner: exit
2025-11-24T03:57:04.279676Z  INFO extract_candidates:parse_all_blobs: tailwindcss_oxide::scanner: exit
2025-11-24T03:57:04.279910Z  INFO extract_candidates: tailwindcss_oxide::scanner: exit
2025-11-24T03:57:04.280178Z  INFO get_files: tailwindcss_oxide::scanner: enter
2025-11-24T03:57:04.280186Z  INFO get_files:scan_sources: tailwindcss_oxide::scanner: enter
2025-11-24T03:57:04.281425Z  INFO get_files:scan_sources: tailwindcss_oxide::scanner: Discovering "G:\\GitHub\\lotes-en-taganga\\app"
2025-11-24T03:57:04.281591Z  INFO get_files:scan_sources: tailwindcss_oxide::scanner: Discovering "G:\\GitHub\\lotes-en-taganga\\app\\components"
2025-11-24T03:57:04.282557Z  INFO get_files:scan_sources: tailwindcss_oxide::scanner: Discovering "G:\\GitHub\\lotes-en-taganga\\public"
2025-11-24T03:57:04.282783Z  INFO get_files:scan_sources: tailwindcss_oxide::scanner: Discovering "G:\\GitHub\\lotes-en-taganga\\public\\images"
2025-11-24T03:57:04.283172Z  INFO get_files:scan_sources: tailwindcss_oxide::scanner: exit
2025-11-24T03:57:04.283264Z  INFO get_files: tailwindcss_oxide::scanner: exit
2025-11-24T03:57:04.283399Z  INFO get_globs: tailwindcss_oxide::scanner: enter
2025-11-24T03:57:04.283407Z  INFO get_globs: tailwindcss_oxide::scanner: exit
2025-11-24T03:57:29.333500Z  INFO scan_sources: tailwindcss_oxide::scanner: enter
2025-11-24T03:57:29.335056Z  INFO scan_sources: tailwindcss_oxide::scanner: Discovering "G:\\GitHub\\lotes-en-taganga\\app"
2025-11-24T03:57:29.335317Z  INFO scan_sources: tailwindcss_oxide::scanner: Discovering "G:\\GitHub\\lotes-en-taganga\\app\\components"
2025-11-24T03:57:29.335523Z  INFO scan_sources: tailwindcss_oxide::scanner: Discovering "G:\\GitHub\\lotes-en-taganga\\app\\components\\Gallery.tsx"
2025-11-24T03:57:29.336314Z  INFO scan_sources: tailwindcss_oxide::scanner: Discovering "G:\\GitHub\\lotes-en-taganga\\public"
2025-11-24T03:57:29.336543Z  INFO scan_sources: tailwindcss_oxide::scanner: Discovering "G:\\GitHub\\lotes-en-taganga\\public\\images"
2025-11-24T03:57:29.336964Z  INFO scan_sources: tailwindcss_oxide::scanner: exit
2025-11-24T03:57:29.336975Z  INFO extract_candidates: tailwindcss_oxide::scanner: enter
2025-11-24T03:57:29.336980Z  INFO extract_candidates:read_all_files: tailwindcss_oxide::scanner: enter
2025-11-24T03:57:29.336983Z  INFO extract_candidates:read_all_files: tailwindcss_oxide::scanner: Reading 1 file(s)
2025-11-24T03:57:29.337059Z  INFO extract_candidates:read_all_files: tailwindcss_oxide::scanner: Reading "G:\\GitHub\\lotes-en-taganga\\app\\components\\Gallery.tsx"
2025-11-24T03:57:29.337070Z  INFO extract_candidates:read_all_files: tailwindcss_oxide::scanner: exit
2025-11-24T03:57:29.337075Z  INFO extract_candidates:parse_all_blobs: tailwindcss_oxide::scanner: enter
2025-11-24T03:57:29.337078Z  INFO extract_candidates:parse_all_blobs:extract: tailwindcss_oxide::scanner: enter
2025-11-24T03:57:29.337278Z  INFO extract_candidates:parse_all_blobs:extract: tailwindcss_oxide::scanner: exit
2025-11-24T03:57:29.337288Z  INFO extract_candidates:parse_all_blobs: tailwindcss_oxide::scanner: exit
2025-11-24T03:57:29.337363Z  INFO extract_candidates: tailwindcss_oxide::scanner: exit
2025-11-24T03:57:29.337845Z  INFO get_files: tailwindcss_oxide::scanner: enter
2025-11-24T03:57:29.337856Z  INFO get_files:scan_sources: tailwindcss_oxide::scanner: enter
2025-11-24T03:57:29.338988Z  INFO get_files:scan_sources: tailwindcss_oxide::scanner: Discovering "G:\\GitHub\\lotes-en-taganga\\app"
2025-11-24T03:57:29.339166Z  INFO get_files:scan_sources: tailwindcss_oxide::scanner: Discovering "G:\\GitHub\\lotes-en-taganga\\app\\components"
2025-11-24T03:57:29.340049Z  INFO get_files:scan_sources: tailwindcss_oxide::scanner: Discovering "G:\\GitHub\\lotes-en-taganga\\public"
2025-11-24T03:57:29.340265Z  INFO get_files:scan_sources: tailwindcss_oxide::scanner: Discovering "G:\\GitHub\\lotes-en-taganga\\public\\images"
2025-11-24T03:57:29.340645Z  INFO get_files:scan_sources: tailwindcss_oxide::scanner: exit
2025-11-24T03:57:29.340754Z  INFO get_files: tailwindcss_oxide::scanner: exit
2025-11-24T03:57:29.340854Z  INFO get_globs: tailwindcss_oxide::scanner: enter
2025-11-24T03:57:29.340860Z  INFO get_globs: tailwindcss_oxide::scanner: exit
2025-11-24T03:57:47.183196Z  INFO scan_sources: tailwindcss_oxide::scanner: enter
2025-11-24T03:57:47.184608Z  INFO scan_sources: tailwindcss_oxide::scanner: Discovering "G:\\GitHub\\lotes-en-taganga\\app"
2025-11-24T03:57:47.184853Z  INFO scan_sources: tailwindcss_oxide::scanner: Discovering "G:\\GitHub\\lotes-en-taganga\\app\\components"
2025-11-24T03:57:47.185099Z  INFO scan_sources: tailwindcss_oxide::scanner: Discovering "G:\\GitHub\\lotes-en-taganga\\app\\components\\Gallery.tsx"
2025-11-24T03:57:47.185911Z  INFO scan_sources: tailwindcss_oxide::scanner: Discovering "G:\\GitHub\\lotes-en-taganga\\public"
2025-11-24T03:57:47.186170Z  INFO scan_sources: tailwindcss_oxide::scanner: Discovering "G:\\GitHub\\lotes-en-taganga\\public\\images"
2025-11-24T03:57:47.186618Z  INFO scan_sources: tailwindcss_oxide::scanner: exit
2025-11-24T03:57:47.186629Z  INFO extract_candidates: tailwindcss_oxide::scanner: enter
2025-11-24T03:57:47.186634Z  INFO extract_candidates:read_all_files: tailwindcss_oxide::scanner: enter
2025-11-24T03:57:47.186638Z  INFO extract_candidates:read_all_files: tailwindcss_oxide::scanner: Reading 1 file(s)
2025-11-24T03:57:47.186715Z  INFO extract_candidates:read_all_files: tailwindcss_oxide::scanner: Reading "G:\\GitHub\\lotes-en-taganga\\app\\components\\Gallery.tsx"
2025-11-24T03:57:47.186729Z  INFO extract_candidates:read_all_files: tailwindcss_oxide::scanner: exit
2025-11-24T03:57:47.186735Z  INFO extract_candidates:parse_all_blobs: tailwindcss_oxide::scanner: enter
2025-11-24T03:57:47.186740Z  INFO extract_candidates:parse_all_blobs:extract: tailwindcss_oxide::scanner: enter
2025-11-24T03:57:47.186910Z  INFO extract_candidates:parse_all_blobs:extract: tailwindcss_oxide::scanner: exit
2025-11-24T03:57:47.186923Z  INFO extract_candidates:parse_all_blobs: tailwindcss_oxide::scanner: exit
2025-11-24T03:57:47.187005Z  INFO extract_candidates: tailwindcss_oxide::scanner: exit
2025-11-24T03:57:47.187267Z  INFO get_files: tailwindcss_oxide::scanner: enter
2025-11-24T03:57:47.187275Z  INFO get_files:scan_sources: tailwindcss_oxide::scanner: enter
2025-11-24T03:57:47.188399Z  INFO get_files:scan_sources: tailwindcss_oxide::scanner: Discovering "G:\\GitHub\\lotes-en-taganga\\app"
2025-11-24T03:57:47.188561Z  INFO get_files:scan_sources: tailwindcss_oxide::scanner: Discovering "G:\\GitHub\\lotes-en-taganga\\app\\components"
2025-11-24T03:57:47.189576Z  INFO get_files:scan_sources: tailwindcss_oxide::scanner: Discovering "G:\\GitHub\\lotes-en-taganga\\public"
2025-11-24T03:57:47.189805Z  INFO get_files:scan_sources: tailwindcss_oxide::scanner: Discovering "G:\\GitHub\\lotes-en-taganga\\public\\images"
2025-11-24T03:57:47.190191Z  INFO get_files:scan_sources: tailwindcss_oxide::scanner: exit
2025-11-24T03:57:47.190323Z  INFO get_files: tailwindcss_oxide::scanner: exit
2025-11-24T03:57:47.190453Z  INFO get_globs: tailwindcss_oxide::scanner: enter
2025-11-24T03:57:47.190461Z  INFO get_globs: tailwindcss_oxide::scanner: exit
2025-11-24T03:57:50.710628Z  INFO scan_sources: tailwindcss_oxide::scanner: enter
2025-11-24T03:57:50.712741Z  INFO scan_sources: tailwindcss_oxide::scanner: Discovering "G:\\GitHub\\lotes-en-taganga\\app"
2025-11-24T03:57:50.713036Z  INFO scan_sources: tailwindcss_oxide::scanner: Discovering "G:\\GitHub\\lotes-en-taganga\\app\\components"
2025-11-24T03:57:50.713342Z  INFO scan_sources: tailwindcss_oxide::scanner: Discovering "G:\\GitHub\\lotes-en-taganga\\app\\components\\Gallery.tsx"
2025-11-24T03:57:50.714525Z  INFO scan_sources: tailwindcss_oxide::scanner: Discovering "G:\\GitHub\\lotes-en-taganga\\public"
2025-11-24T03:57:50.714804Z  INFO scan_sources: tailwindcss_oxide::scanner: Discovering "G:\\GitHub\\lotes-en-taganga\\public\\images"
2025-11-24T03:57:50.715234Z  INFO scan_sources: tailwindcss_oxide::scanner: exit
2025-11-24T03:57:50.715245Z  INFO extract_candidates: tailwindcss_oxide::scanner: enter
2025-11-24T03:57:50.715250Z  INFO extract_candidates:read_all_files: tailwindcss_oxide::scanner: enter
2025-11-24T03:57:50.715253Z  INFO extract_candidates:read_all_files: tailwindcss_oxide::scanner: Reading 1 file(s)
2025-11-24T03:57:50.715333Z  INFO extract_candidates:read_all_files: tailwindcss_oxide::scanner: Reading "G:\\GitHub\\lotes-en-taganga\\app\\components\\Gallery.tsx"
2025-11-24T03:57:50.715343Z  INFO extract_candidates:read_all_files: tailwindcss_oxide::scanner: exit
2025-11-24T03:57:50.715348Z  INFO extract_candidates:parse_all_blobs: tailwindcss_oxide::scanner: enter
2025-11-24T03:57:50.715351Z  INFO extract_candidates:parse_all_blobs:extract: tailwindcss_oxide::scanner: enter
2025-11-24T03:57:50.715496Z  INFO extract_candidates:parse_all_blobs:extract: tailwindcss_oxide::scanner: exit
2025-11-24T03:57:50.715510Z  INFO extract_candidates:parse_all_blobs: tailwindcss_oxide::scanner: exit
2025-11-24T03:57:50.715577Z  INFO extract_candidates: tailwindcss_oxide::scanner: exit
2025-11-24T03:57:50.715822Z  INFO get_files: tailwindcss_oxide::scanner: enter
2025-11-24T03:57:50.715831Z  INFO get_files:scan_sources: tailwindcss_oxide::scanner: enter
2025-11-24T03:57:50.716933Z  INFO get_files:scan_sources: tailwindcss_oxide::scanner: Discovering "G:\\GitHub\\lotes-en-taganga\\app"
2025-11-24T03:57:50.717093Z  INFO get_files:scan_sources: tailwindcss_oxide::scanner: Discovering "G:\\GitHub\\lotes-en-taganga\\app\\components"
2025-11-24T03:57:50.717931Z  INFO get_files:scan_sources: tailwindcss_oxide::scanner: Discovering "G:\\GitHub\\lotes-en-taganga\\public"
2025-11-24T03:57:50.718162Z  INFO get_files:scan_sources: tailwindcss_oxide::scanner: Discovering "G:\\GitHub\\lotes-en-taganga\\public\\images"
2025-11-24T03:57:50.718561Z  INFO get_files:scan_sources: tailwindcss_oxide::scanner: exit
2025-11-24T03:57:50.718667Z  INFO get_files: tailwindcss_oxide::scanner: exit
2025-11-24T03:57:50.718793Z  INFO get_globs: tailwindcss_oxide::scanner: enter
2025-11-24T03:57:50.718800Z  INFO get_globs: tailwindcss_oxide::scanner: exit
2025-11-24T03:57:58.475408Z  INFO scan_sources: tailwindcss_oxide::scanner: enter
2025-11-24T03:57:58.476983Z  INFO scan_sources: tailwindcss_oxide::scanner: Discovering "G:\\GitHub\\lotes-en-taganga\\app"
2025-11-24T03:57:58.477162Z  INFO scan_sources: tailwindcss_oxide::scanner: Discovering "G:\\GitHub\\lotes-en-taganga\\app\\components"
2025-11-24T03:57:58.477341Z  INFO scan_sources: tailwindcss_oxide::scanner: Discovering "G:\\GitHub\\lotes-en-taganga\\app\\components\\Gallery.tsx"
2025-11-24T03:57:58.478178Z  INFO scan_sources: tailwindcss_oxide::scanner: Discovering "G:\\GitHub\\lotes-en-taganga\\public"
2025-11-24T03:57:58.478434Z  INFO scan_sources: tailwindcss_oxide::scanner: Discovering "G:\\GitHub\\lotes-en-taganga\\public\\images"
2025-11-24T03:57:58.478845Z  INFO scan_sources: tailwindcss_oxide::scanner: exit
2025-11-24T03:57:58.478855Z  INFO extract_candidates: tailwindcss_oxide::scanner: enter
2025-11-24T03:57:58.478900Z  INFO extract_candidates:read_all_files: tailwindcss_oxide::scanner: enter
2025-11-24T03:57:58.478906Z  INFO extract_candidates:read_all_files: tailwindcss_oxide::scanner: Reading 1 file(s)
2025-11-24T03:57:58.478976Z  INFO extract_candidates:read_all_files: tailwindcss_oxide::scanner: Reading "G:\\GitHub\\lotes-en-taganga\\app\\components\\Gallery.tsx"
2025-11-24T03:57:58.478987Z  INFO extract_candidates:read_all_files: tailwindcss_oxide::scanner: exit
2025-11-24T03:57:58.478992Z  INFO extract_candidates:parse_all_blobs: tailwindcss_oxide::scanner: enter
2025-11-24T03:57:58.478995Z  INFO extract_candidates:parse_all_blobs:extract: tailwindcss_oxide::scanner: enter
2025-11-24T03:57:58.479183Z  INFO extract_candidates:parse_all_blobs:extract: tailwindcss_oxide::scanner: exit
2025-11-24T03:57:58.479196Z  INFO extract_candidates:parse_all_blobs: tailwindcss_oxide::scanner: exit
2025-11-24T03:57:58.479293Z  INFO extract_candidates: tailwindcss_oxide::scanner: exit
2025-11-24T03:57:58.479553Z  INFO get_files: tailwindcss_oxide::scanner: enter
2025-11-24T03:57:58.479563Z  INFO get_files:scan_sources: tailwindcss_oxide::scanner: enter
2025-11-24T03:57:58.480682Z  INFO get_files:scan_sources: tailwindcss_oxide::scanner: Discovering "G:\\GitHub\\lotes-en-taganga\\app"
2025-11-24T03:57:58.480844Z  INFO get_files:scan_sources: tailwindcss_oxide::scanner: Discovering "G:\\GitHub\\lotes-en-taganga\\app\\components"
2025-11-24T03:57:58.481758Z  INFO get_files:scan_sources: tailwindcss_oxide::scanner: Discovering "G:\\GitHub\\lotes-en-taganga\\public"
2025-11-24T03:57:58.482084Z  INFO get_files:scan_sources: tailwindcss_oxide::scanner: Discovering "G:\\GitHub\\lotes-en-taganga\\public\\images"
2025-11-24T03:57:58.482535Z  INFO get_files:scan_sources: tailwindcss_oxide::scanner: exit
2025-11-24T03:57:58.482679Z  INFO get_files: tailwindcss_oxide::scanner: exit
2025-11-24T03:57:58.482827Z  INFO get_globs: tailwindcss_oxide::scanner: enter
2025-11-24T03:57:58.482836Z  INFO get_globs: tailwindcss_oxide::scanner: exit
2025-11-24T03:58:05.940393Z  INFO scan_sources: tailwindcss_oxide::scanner: enter
2025-11-24T03:58:05.941688Z  INFO scan_sources: tailwindcss_oxide::scanner: Discovering "G:\\GitHub\\lotes-en-taganga\\app"
2025-11-24T03:58:05.941860Z  INFO scan_sources: tailwindcss_oxide::scanner: Discovering "G:\\GitHub\\lotes-en-taganga\\app\\components"
2025-11-24T03:58:05.942036Z  INFO scan_sources: tailwindcss_oxide::scanner: Discovering "G:\\GitHub\\lotes-en-taganga\\app\\components\\Gallery.tsx"
2025-11-24T03:58:05.942776Z  INFO scan_sources: tailwindcss_oxide::scanner: Discovering "G:\\GitHub\\lotes-en-taganga\\public"
2025-11-24T03:58:05.942999Z  INFO scan_sources: tailwindcss_oxide::scanner: Discovering "G:\\GitHub\\lotes-en-taganga\\public\\images"
2025-11-24T03:58:05.943394Z  INFO scan_sources: tailwindcss_oxide::scanner: exit
2025-11-24T03:58:05.943404Z  INFO extract_candidates: tailwindcss_oxide::scanner: enter
2025-11-24T03:58:05.943408Z  INFO extract_candidates:read_all_files: tailwindcss_oxide::scanner: enter
2025-11-24T03:58:05.943412Z  INFO extract_candidates:read_all_files: tailwindcss_oxide::scanner: Reading 1 file(s)
2025-11-24T03:58:05.943476Z  INFO extract_candidates:read_all_files: tailwindcss_oxide::scanner: Reading "G:\\GitHub\\lotes-en-taganga\\app\\components\\Gallery.tsx"
2025-11-24T03:58:05.943486Z  INFO extract_candidates:read_all_files: tailwindcss_oxide::scanner: exit
2025-11-24T03:58:05.943490Z  INFO extract_candidates:parse_all_blobs: tailwindcss_oxide::scanner: enter
2025-11-24T03:58:05.943493Z  INFO extract_candidates:parse_all_blobs:extract: tailwindcss_oxide::scanner: enter
2025-11-24T03:58:05.943657Z  INFO extract_candidates:parse_all_blobs:extract: tailwindcss_oxide::scanner: exit
2025-11-24T03:58:05.943690Z  INFO extract_candidates:parse_all_blobs: tailwindcss_oxide::scanner: exit
2025-11-24T03:58:05.943854Z  INFO extract_candidates: tailwindcss_oxide::scanner: exit
2025-11-24T03:58:05.944075Z  INFO get_files: tailwindcss_oxide::scanner: enter
2025-11-24T03:58:05.944125Z  INFO get_files:scan_sources: tailwindcss_oxide::scanner: enter
2025-11-24T03:58:05.945218Z  INFO get_files:scan_sources: tailwindcss_oxide::scanner: Discovering "G:\\GitHub\\lotes-en-taganga\\app"
2025-11-24T03:58:05.945375Z  INFO get_files:scan_sources: tailwindcss_oxide::scanner: Discovering "G:\\GitHub\\lotes-en-taganga\\app\\components"
2025-11-24T03:58:05.946180Z  INFO get_files:scan_sources: tailwindcss_oxide::scanner: Discovering "G:\\GitHub\\lotes-en-taganga\\public"
2025-11-24T03:58:05.946389Z  INFO get_files:scan_sources: tailwindcss_oxide::scanner: Discovering "G:\\GitHub\\lotes-en-taganga\\public\\images"
2025-11-24T03:58:05.946750Z  INFO get_files:scan_sources: tailwindcss_oxide::scanner: exit
2025-11-24T03:58:05.946862Z  INFO get_files: tailwindcss_oxide::scanner: exit
2025-11-24T03:58:05.946952Z  INFO get_globs: tailwindcss_oxide::scanner: enter
2025-11-24T03:58:05.946958Z  INFO get_globs: tailwindcss_oxide::scanner: exit
2025-11-24T03:59:01.927314Z  INFO scan_sources: tailwindcss_oxide::scanner: enter
2025-11-24T03:59:01.929012Z  INFO scan_sources: tailwindcss_oxide::scanner: Discovering "G:\\GitHub\\lotes-en-taganga\\app"
2025-11-24T03:59:01.929192Z  INFO scan_sources: tailwindcss_oxide::scanner: Discovering "G:\\GitHub\\lotes-en-taganga\\app\\components"
2025-11-24T03:59:01.929365Z  INFO scan_sources: tailwindcss_oxide::scanner: Discovering "G:\\GitHub\\lotes-en-taganga\\app\\components\\Gallery.tsx"
2025-11-24T03:59:01.930189Z  INFO scan_sources: tailwindcss_oxide::scanner: Discovering "G:\\GitHub\\lotes-en-taganga\\public"
2025-11-24T03:59:01.930416Z  INFO scan_sources: tailwindcss_oxide::scanner: Discovering "G:\\GitHub\\lotes-en-taganga\\public\\images"
2025-11-24T03:59:01.930879Z  INFO scan_sources: tailwindcss_oxide::scanner: exit
2025-11-24T03:59:01.930891Z  INFO extract_candidates: tailwindcss_oxide::scanner: enter
2025-11-24T03:59:01.930896Z  INFO extract_candidates:read_all_files: tailwindcss_oxide::scanner: enter
2025-11-24T03:59:01.930900Z  INFO extract_candidates:read_all_files: tailwindcss_oxide::scanner: Reading 1 file(s)
2025-11-24T03:59:01.930978Z  INFO extract_candidates:read_all_files: tailwindcss_oxide::scanner: Reading "G:\\GitHub\\lotes-en-taganga\\app\\components\\Gallery.tsx"
2025-11-24T03:59:01.930989Z  INFO extract_candidates:read_all_files: tailwindcss_oxide::scanner: exit
2025-11-24T03:59:01.930994Z  INFO extract_candidates:parse_all_blobs: tailwindcss_oxide::scanner: enter
2025-11-24T03:59:01.930997Z  INFO extract_candidates:parse_all_blobs:extract: tailwindcss_oxide::scanner: enter
2025-11-24T03:59:01.931123Z  INFO extract_candidates:parse_all_blobs:extract: tailwindcss_oxide::scanner: exit
2025-11-24T03:59:01.931141Z  INFO extract_candidates:parse_all_blobs: tailwindcss_oxide::scanner: exit
2025-11-24T03:59:01.931208Z  INFO extract_candidates: tailwindcss_oxide::scanner: exit
2025-11-24T03:59:01.931652Z  INFO get_files: tailwindcss_oxide::scanner: enter
2025-11-24T03:59:01.931661Z  INFO get_files:scan_sources: tailwindcss_oxide::scanner: enter
2025-11-24T03:59:01.933817Z  INFO get_files:scan_sources: tailwindcss_oxide::scanner: Discovering "G:\\GitHub\\lotes-en-taganga\\app"
2025-11-24T03:59:01.934112Z  INFO get_files:scan_sources: tailwindcss_oxide::scanner: Discovering "G:\\GitHub\\lotes-en-taganga\\app\\components"
2025-11-24T03:59:01.935087Z  INFO get_files:scan_sources: tailwindcss_oxide::scanner: Discovering "G:\\GitHub\\lotes-en-taganga\\public"
2025-11-24T03:59:01.935339Z  INFO get_files:scan_sources: tailwindcss_oxide::scanner: Discovering "G:\\GitHub\\lotes-en-taganga\\public\\images"
2025-11-24T03:59:01.935742Z  INFO get_files:scan_sources: tailwindcss_oxide::scanner: exit
2025-11-24T03:59:01.936042Z  INFO get_files: tailwindcss_oxide::scanner: exit
2025-11-24T03:59:01.936161Z  INFO get_globs: tailwindcss_oxide::scanner: enter
2025-11-24T03:59:01.936167Z  INFO get_globs: tailwindcss_oxide::scanner: exit
2025-11-24T04:41:00.387411Z  INFO scan_sources: tailwindcss_oxide::scanner: enter
2025-11-24T04:41:00.389300Z  INFO scan_sources: tailwindcss_oxide::scanner: Discovering "G:\\GitHub\\lotes-en-taganga\\app"
2025-11-24T04:41:00.389662Z  INFO scan_sources: tailwindcss_oxide::scanner: Discovering "G:\\GitHub\\lotes-en-taganga\\app\\components"
2025-11-24T04:41:00.390007Z  INFO scan_sources: tailwindcss_oxide::scanner: Discovering "G:\\GitHub\\lotes-en-taganga\\app\\components\\Gallery.tsx"
2025-11-24T04:41:00.391538Z  INFO scan_sources: tailwindcss_oxide::scanner: Discovering "G:\\GitHub\\lotes-en-taganga\\public"
2025-11-24T04:41:00.391854Z  INFO scan_sources: tailwindcss_oxide::scanner: Discovering "G:\\GitHub\\lotes-en-taganga\\public\\images"
2025-11-24T04:41:00.392438Z  INFO scan_sources: tailwindcss_oxide::scanner: exit
2025-11-24T04:41:00.392452Z  INFO extract_candidates: tailwindcss_oxide::scanner: enter
2025-11-24T04:41:00.392459Z  INFO extract_candidates:read_all_files: tailwindcss_oxide::scanner: enter
2025-11-24T04:41:00.392462Z  INFO extract_candidates:read_all_files: tailwindcss_oxide::scanner: Reading 1 file(s)
2025-11-24T04:41:00.392564Z  INFO extract_candidates:read_all_files: tailwindcss_oxide::scanner: Reading "G:\\GitHub\\lotes-en-taganga\\app\\components\\Gallery.tsx"
2025-11-24T04:41:00.392586Z  INFO extract_candidates:read_all_files: tailwindcss_oxide::scanner: exit
2025-11-24T04:41:00.392593Z  INFO extract_candidates:parse_all_blobs: tailwindcss_oxide::scanner: enter
2025-11-24T04:41:00.392599Z  INFO extract_candidates:parse_all_blobs:extract: tailwindcss_oxide::scanner: enter
2025-11-24T04:41:00.392958Z  INFO extract_candidates:parse_all_blobs:extract: tailwindcss_oxide::scanner: exit
2025-11-24T04:41:00.392977Z  INFO extract_candidates:parse_all_blobs: tailwindcss_oxide::scanner: exit
2025-11-24T04:41:00.393124Z  INFO extract_candidates: tailwindcss_oxide::scanner: exit
2025-11-24T04:41:00.393567Z  INFO get_files: tailwindcss_oxide::scanner: enter
2025-11-24T04:41:00.393591Z  INFO get_files:scan_sources: tailwindcss_oxide::scanner: enter
2025-11-24T04:41:00.395402Z  INFO get_files:scan_sources: tailwindcss_oxide::scanner: Discovering "G:\\GitHub\\lotes-en-taganga\\app"
2025-11-24T04:41:00.395772Z  INFO get_files:scan_sources: tailwindcss_oxide::scanner: Discovering "G:\\GitHub\\lotes-en-taganga\\app\\components"
2025-11-24T04:41:00.397241Z  INFO get_files:scan_sources: tailwindcss_oxide::scanner: Discovering "G:\\GitHub\\lotes-en-taganga\\public"
2025-11-24T04:41:00.397559Z  INFO get_files:scan_sources: tailwindcss_oxide::scanner: Discovering "G:\\GitHub\\lotes-en-taganga\\public\\images"
2025-11-24T04:41:00.398012Z  INFO get_files:scan_sources: tailwindcss_oxide::scanner: exit
2025-11-24T04:41:00.398177Z  INFO get_files: tailwindcss_oxide::scanner: exit
2025-11-24T04:41:00.398511Z  INFO get_globs: tailwindcss_oxide::scanner: enter
2025-11-24T04:41:00.398521Z  INFO get_globs: tailwindcss_oxide::scanner: exit
2025-11-24T04:41:07.388759Z  INFO scan_sources: tailwindcss_oxide::scanner: enter
2025-11-24T04:41:07.390472Z  INFO scan_sources: tailwindcss_oxide::scanner: Discovering "G:\\GitHub\\lotes-en-taganga\\app"
2025-11-24T04:41:07.390735Z  INFO scan_sources: tailwindcss_oxide::scanner: Discovering "G:\\GitHub\\lotes-en-taganga\\app\\components"
2025-11-24T04:41:07.390989Z  INFO scan_sources: tailwindcss_oxide::scanner: Discovering "G:\\GitHub\\lotes-en-taganga\\app\\components\\Gallery.tsx"
2025-11-24T04:41:07.391823Z  INFO scan_sources: tailwindcss_oxide::scanner: Discovering "G:\\GitHub\\lotes-en-taganga\\public"
2025-11-24T04:41:07.392081Z  INFO scan_sources: tailwindcss_oxide::scanner: Discovering "G:\\GitHub\\lotes-en-taganga\\public\\images"
2025-11-24T04:41:07.392546Z  INFO scan_sources: tailwindcss_oxide::scanner: exit
2025-11-24T04:41:07.392560Z  INFO extract_candidates: tailwindcss_oxide::scanner: enter
2025-11-24T04:41:07.392565Z  INFO extract_candidates:read_all_files: tailwindcss_oxide::scanner: enter
2025-11-24T04:41:07.392569Z  INFO extract_candidates:read_all_files: tailwindcss_oxide::scanner: Reading 1 file(s)
2025-11-24T04:41:07.392686Z  INFO extract_candidates:read_all_files: tailwindcss_oxide::scanner: Reading "G:\\GitHub\\lotes-en-taganga\\app\\components\\Gallery.tsx"
2025-11-24T04:41:07.392711Z  INFO extract_candidates:read_all_files: tailwindcss_oxide::scanner: exit
2025-11-24T04:41:07.392719Z  INFO extract_candidates:parse_all_blobs: tailwindcss_oxide::scanner: enter
2025-11-24T04:41:07.392723Z  INFO extract_candidates:parse_all_blobs:extract: tailwindcss_oxide::scanner: enter
2025-11-24T04:41:07.393037Z  INFO extract_candidates:parse_all_blobs:extract: tailwindcss_oxide::scanner: exit
2025-11-24T04:41:07.393054Z  INFO extract_candidates:parse_all_blobs: tailwindcss_oxide::scanner: exit
2025-11-24T04:41:07.393189Z  INFO extract_candidates: tailwindcss_oxide::scanner: exit
2025-11-24T04:41:07.393505Z  INFO get_files: tailwindcss_oxide::scanner: enter
2025-11-24T04:41:07.393515Z  INFO get_files:scan_sources: tailwindcss_oxide::scanner: enter
2025-11-24T04:41:07.394732Z  INFO get_files:scan_sources: tailwindcss_oxide::scanner: Discovering "G:\\GitHub\\lotes-en-taganga\\app"
2025-11-24T04:41:07.394898Z  INFO get_files:scan_sources: tailwindcss_oxide::scanner: Discovering "G:\\GitHub\\lotes-en-taganga\\app\\components"
2025-11-24T04:41:07.395774Z  INFO get_files:scan_sources: tailwindcss_oxide::scanner: Discovering "G:\\GitHub\\lotes-en-taganga\\public"
2025-11-24T04:41:07.396004Z  INFO get_files:scan_sources: tailwindcss_oxide::scanner: Discovering "G:\\GitHub\\lotes-en-taganga\\public\\images"
2025-11-24T04:41:07.396387Z  INFO get_files:scan_sources: tailwindcss_oxide::scanner: exit
2025-11-24T04:41:07.396511Z  INFO get_files: tailwindcss_oxide::scanner: exit
2025-11-24T04:41:07.396626Z  INFO get_globs: tailwindcss_oxide::scanner: enter
2025-11-24T04:41:07.396633Z  INFO get_globs: tailwindcss_oxide::scanner: exit
2025-11-24T04:41:09.608291Z  INFO scan_sources: tailwindcss_oxide::scanner: enter
2025-11-24T04:41:09.610799Z  INFO scan_sources: tailwindcss_oxide::scanner: Discovering "G:\\GitHub\\lotes-en-taganga\\app"
2025-11-24T04:41:09.611092Z  INFO scan_sources: tailwindcss_oxide::scanner: Discovering "G:\\GitHub\\lotes-en-taganga\\app\\components"
2025-11-24T04:41:09.611378Z  INFO scan_sources: tailwindcss_oxide::scanner: Discovering "G:\\GitHub\\lotes-en-taganga\\app\\components\\Gallery.tsx"
2025-11-24T04:41:09.612702Z  INFO scan_sources: tailwindcss_oxide::scanner: Discovering "G:\\GitHub\\lotes-en-taganga\\public"
2025-11-24T04:41:09.613175Z  INFO scan_sources: tailwindcss_oxide::scanner: Discovering "G:\\GitHub\\lotes-en-taganga\\public\\images"
2025-11-24T04:41:09.613892Z  INFO scan_sources: tailwindcss_oxide::scanner: exit
2025-11-24T04:41:09.613919Z  INFO extract_candidates: tailwindcss_oxide::scanner: enter
2025-11-24T04:41:09.613930Z  INFO extract_candidates:read_all_files: tailwindcss_oxide::scanner: enter
2025-11-24T04:41:09.613936Z  INFO extract_candidates:read_all_files: tailwindcss_oxide::scanner: Reading 1 file(s)
2025-11-24T04:41:09.614070Z  INFO extract_candidates:read_all_files: tailwindcss_oxide::scanner: Reading "G:\\GitHub\\lotes-en-taganga\\app\\components\\Gallery.tsx"
2025-11-24T04:41:09.614087Z  INFO extract_candidates:read_all_files: tailwindcss_oxide::scanner: exit
2025-11-24T04:41:09.614095Z  INFO extract_candidates:parse_all_blobs: tailwindcss_oxide::scanner: enter
2025-11-24T04:41:09.614101Z  INFO extract_candidates:parse_all_blobs:extract: tailwindcss_oxide::scanner: enter
2025-11-24T04:41:09.614431Z  INFO extract_candidates:parse_all_blobs:extract: tailwindcss_oxide::scanner: exit
2025-11-24T04:41:09.614447Z  INFO extract_candidates:parse_all_blobs: tailwindcss_oxide::scanner: exit
2025-11-24T04:41:09.614528Z  INFO extract_candidates: tailwindcss_oxide::scanner: exit
2025-11-24T04:41:09.614887Z  INFO get_files: tailwindcss_oxide::scanner: enter
2025-11-24T04:41:09.614897Z  INFO get_files:scan_sources: tailwindcss_oxide::scanner: enter
2025-11-24T04:41:09.617090Z  INFO get_files:scan_sources: tailwindcss_oxide::scanner: Discovering "G:\\GitHub\\lotes-en-taganga\\app"
2025-11-24T04:41:09.617352Z  INFO get_files:scan_sources: tailwindcss_oxide::scanner: Discovering "G:\\GitHub\\lotes-en-taganga\\app\\components"
2025-11-24T04:41:09.618864Z  INFO get_files:scan_sources: tailwindcss_oxide::scanner: Discovering "G:\\GitHub\\lotes-en-taganga\\public"
2025-11-24T04:41:09.619294Z  INFO get_files:scan_sources: tailwindcss_oxide::scanner: Discovering "G:\\GitHub\\lotes-en-taganga\\public\\images"
2025-11-24T04:41:09.619849Z  INFO get_files:scan_sources: tailwindcss_oxide::scanner: exit
2025-11-24T04:41:09.620056Z  INFO get_files: tailwindcss_oxide::scanner: exit
2025-11-24T04:41:09.620263Z  INFO get_globs: tailwindcss_oxide::scanner: enter
2025-11-24T04:41:09.620275Z  INFO get_globs: tailwindcss_oxide::scanner: exit
2025-11-24T04:41:59.996982Z  INFO scan_sources: tailwindcss_oxide::scanner: enter
2025-11-24T04:41:59.998418Z  INFO scan_sources: tailwindcss_oxide::scanner: Discovering "G:\\GitHub\\lotes-en-taganga\\app"
2025-11-24T04:41:59.998590Z  INFO scan_sources: tailwindcss_oxide::scanner: Discovering "G:\\GitHub\\lotes-en-taganga\\app\\components"
2025-11-24T04:41:59.999099Z  INFO scan_sources: tailwindcss_oxide::scanner: Discovering "G:\\GitHub\\lotes-en-taganga\\app\\page.tsx"
2025-11-24T04:41:59.999501Z  INFO scan_sources: tailwindcss_oxide::scanner: Discovering "G:\\GitHub\\lotes-en-taganga\\public"
2025-11-24T04:41:59.999723Z  INFO scan_sources: tailwindcss_oxide::scanner: Discovering "G:\\GitHub\\lotes-en-taganga\\public\\images"
2025-11-24T04:42:00.000121Z  INFO scan_sources: tailwindcss_oxide::scanner: exit
2025-11-24T04:42:00.000130Z  INFO extract_candidates: tailwindcss_oxide::scanner: enter
2025-11-24T04:42:00.000135Z  INFO extract_candidates:read_all_files: tailwindcss_oxide::scanner: enter
2025-11-24T04:42:00.000138Z  INFO extract_candidates:read_all_files: tailwindcss_oxide::scanner: Reading 1 file(s)
2025-11-24T04:42:00.000201Z  INFO extract_candidates:read_all_files: tailwindcss_oxide::scanner: Reading "G:\\GitHub\\lotes-en-taganga\\app\\page.tsx"
2025-11-24T04:42:00.000210Z  INFO extract_candidates:read_all_files: tailwindcss_oxide::scanner: exit
2025-11-24T04:42:00.000214Z  INFO extract_candidates:parse_all_blobs: tailwindcss_oxide::scanner: enter
2025-11-24T04:42:00.000217Z  INFO extract_candidates:parse_all_blobs:extract: tailwindcss_oxide::scanner: enter
2025-11-24T04:42:00.000383Z  INFO extract_candidates:parse_all_blobs:extract: tailwindcss_oxide::scanner: exit
2025-11-24T04:42:00.000399Z  INFO extract_candidates:parse_all_blobs: tailwindcss_oxide::scanner: exit
2025-11-24T04:42:00.000455Z  INFO extract_candidates: tailwindcss_oxide::scanner: exit
2025-11-24T04:42:00.000794Z  INFO get_files: tailwindcss_oxide::scanner: enter
2025-11-24T04:42:00.000804Z  INFO get_files:scan_sources: tailwindcss_oxide::scanner: enter
2025-11-24T04:42:00.002032Z  INFO get_files:scan_sources: tailwindcss_oxide::scanner: Discovering "G:\\GitHub\\lotes-en-taganga\\app"
2025-11-24T04:42:00.002216Z  INFO get_files:scan_sources: tailwindcss_oxide::scanner: Discovering "G:\\GitHub\\lotes-en-taganga\\app\\components"
2025-11-24T04:42:00.003088Z  INFO get_files:scan_sources: tailwindcss_oxide::scanner: Discovering "G:\\GitHub\\lotes-en-taganga\\public"
2025-11-24T04:42:00.003340Z  INFO get_files:scan_sources: tailwindcss_oxide::scanner: Discovering "G:\\GitHub\\lotes-en-taganga\\public\\images"
2025-11-24T04:42:00.004173Z  INFO get_files:scan_sources: tailwindcss_oxide::scanner: exit
2025-11-24T04:42:00.004341Z  INFO get_files: tailwindcss_oxide::scanner: exit
2025-11-24T04:42:00.004478Z  INFO get_globs: tailwindcss_oxide::scanner: enter
2025-11-24T04:42:00.004486Z  INFO get_globs: tailwindcss_oxide::scanner: exit
2025-11-24T04:56:01.064851Z  INFO scan_sources: tailwindcss_oxide::scanner: enter
2025-11-24T04:56:01.066191Z  INFO scan_sources: tailwindcss_oxide::scanner: Discovering "G:\\GitHub\\lotes-en-taganga\\app"
2025-11-24T04:56:01.066366Z  INFO scan_sources: tailwindcss_oxide::scanner: Discovering "G:\\GitHub\\lotes-en-taganga\\app\\components"
2025-11-24T04:56:01.066754Z  INFO scan_sources: tailwindcss_oxide::scanner: Discovering "G:\\GitHub\\lotes-en-taganga\\app\\components\\Wsbtn.tsx"
2025-11-24T04:56:01.067297Z  INFO scan_sources: tailwindcss_oxide::scanner: Discovering "G:\\GitHub\\lotes-en-taganga\\public"
2025-11-24T04:56:01.067524Z  INFO scan_sources: tailwindcss_oxide::scanner: Discovering "G:\\GitHub\\lotes-en-taganga\\public\\images"
2025-11-24T04:56:01.067927Z  INFO scan_sources: tailwindcss_oxide::scanner: exit
2025-11-24T04:56:01.067937Z  INFO extract_candidates: tailwindcss_oxide::scanner: enter
2025-11-24T04:56:01.067942Z  INFO extract_candidates:read_all_files: tailwindcss_oxide::scanner: enter
2025-11-24T04:56:01.067945Z  INFO extract_candidates:read_all_files: tailwindcss_oxide::scanner: Reading 1 file(s)
2025-11-24T04:56:01.068014Z  INFO extract_candidates:read_all_files: tailwindcss_oxide::scanner: Reading "G:\\GitHub\\lotes-en-taganga\\app\\components\\Wsbtn.tsx"
2025-11-24T04:56:01.068025Z  INFO extract_candidates:read_all_files: tailwindcss_oxide::scanner: exit
2025-11-24T04:56:01.068029Z  INFO extract_candidates:parse_all_blobs: tailwindcss_oxide::scanner: enter
2025-11-24T04:56:01.068033Z  INFO extract_candidates:parse_all_blobs:extract: tailwindcss_oxide::scanner: enter
2025-11-24T04:56:01.068149Z  INFO extract_candidates:parse_all_blobs:extract: tailwindcss_oxide::scanner: exit
2025-11-24T04:56:01.068158Z  INFO extract_candidates:parse_all_blobs: tailwindcss_oxide::scanner: exit
2025-11-24T04:56:01.068265Z  INFO extract_candidates: tailwindcss_oxide::scanner: exit
2025-11-24T04:56:01.068533Z  INFO get_files: tailwindcss_oxide::scanner: enter
2025-11-24T04:56:01.068542Z  INFO get_files:scan_sources: tailwindcss_oxide::scanner: enter
2025-11-24T04:56:01.069676Z  INFO get_files:scan_sources: tailwindcss_oxide::scanner: Discovering "G:\\GitHub\\lotes-en-taganga\\app"
2025-11-24T04:56:01.069833Z  INFO get_files:scan_sources: tailwindcss_oxide::scanner: Discovering "G:\\GitHub\\lotes-en-taganga\\app\\components"
2025-11-24T04:56:01.070704Z  INFO get_files:scan_sources: tailwindcss_oxide::scanner: Discovering "G:\\GitHub\\lotes-en-taganga\\public"
2025-11-24T04:56:01.070915Z  INFO get_files:scan_sources: tailwindcss_oxide::scanner: Discovering "G:\\GitHub\\lotes-en-taganga\\public\\images"
2025-11-24T04:56:01.071274Z  INFO get_files:scan_sources: tailwindcss_oxide::scanner: exit
2025-11-24T04:56:01.071385Z  INFO get_files: tailwindcss_oxide::scanner: exit
2025-11-24T04:56:01.071482Z  INFO get_globs: tailwindcss_oxide::scanner: enter
2025-11-24T04:56:01.071489Z  INFO get_globs: tailwindcss_oxide::scanner: exit
2025-11-24T04:56:28.027227Z  INFO scan_sources: tailwindcss_oxide::scanner: enter
2025-11-24T04:56:28.028771Z  INFO scan_sources: tailwindcss_oxide::scanner: Discovering "G:\\GitHub\\lotes-en-taganga\\app"
2025-11-24T04:56:28.028961Z  INFO scan_sources: tailwindcss_oxide::scanner: Discovering "G:\\GitHub\\lotes-en-taganga\\app\\components"
2025-11-24T04:56:28.029410Z  INFO scan_sources: tailwindcss_oxide::scanner: Discovering "G:\\GitHub\\lotes-en-taganga\\app\\components\\Wsbtn.tsx"
2025-11-24T04:56:28.029993Z  INFO scan_sources: tailwindcss_oxide::scanner: Discovering "G:\\GitHub\\lotes-en-taganga\\public"
2025-11-24T04:56:28.030342Z  INFO scan_sources: tailwindcss_oxide::scanner: Discovering "G:\\GitHub\\lotes-en-taganga\\public\\images"
2025-11-24T04:56:28.030812Z  INFO scan_sources: tailwindcss_oxide::scanner: exit
2025-11-24T04:56:28.030824Z  INFO extract_candidates: tailwindcss_oxide::scanner: enter
2025-11-24T04:56:28.030829Z  INFO extract_candidates:read_all_files: tailwindcss_oxide::scanner: enter
2025-11-24T04:56:28.030832Z  INFO extract_candidates:read_all_files: tailwindcss_oxide::scanner: Reading 1 file(s)
2025-11-24T04:56:28.030916Z  INFO extract_candidates:read_all_files: tailwindcss_oxide::scanner: Reading "G:\\GitHub\\lotes-en-taganga\\app\\components\\Wsbtn.tsx"
2025-11-24T04:56:28.030928Z  INFO extract_candidates:read_all_files: tailwindcss_oxide::scanner: exit
2025-11-24T04:56:28.030932Z  INFO extract_candidates:parse_all_blobs: tailwindcss_oxide::scanner: enter
2025-11-24T04:56:28.030936Z  INFO extract_candidates:parse_all_blobs:extract: tailwindcss_oxide::scanner: enter
2025-11-24T04:56:28.031198Z  INFO extract_candidates:parse_all_blobs:extract: tailwindcss_oxide::scanner: exit
2025-11-24T04:56:28.031213Z  INFO extract_candidates:parse_all_blobs: tailwindcss_oxide::scanner: exit
2025-11-24T04:56:28.031285Z  INFO extract_candidates: tailwindcss_oxide::scanner: exit
2025-11-24T04:56:28.031537Z  INFO get_files: tailwindcss_oxide::scanner: enter
2025-11-24T04:56:28.031544Z  INFO get_files:scan_sources: tailwindcss_oxide::scanner: enter
2025-11-24T04:56:28.032866Z  INFO get_files:scan_sources: tailwindcss_oxide::scanner: Discovering "G:\\GitHub\\lotes-en-taganga\\app"
2025-11-24T04:56:28.033042Z  INFO get_files:scan_sources: tailwindcss_oxide::scanner: Discovering "G:\\GitHub\\lotes-en-taganga\\app\\components"
2025-11-24T04:56:28.033988Z  INFO get_files:scan_sources: tailwindcss_oxide::scanner: Discovering "G:\\GitHub\\lotes-en-taganga\\public"
2025-11-24T04:56:28.034213Z  INFO get_files:scan_sources: tailwindcss_oxide::scanner: Discovering "G:\\GitHub\\lotes-en-taganga\\public\\images"
2025-11-24T04:56:28.034609Z  INFO get_files:scan_sources: tailwindcss_oxide::scanner: exit
2025-11-24T04:56:28.034741Z  INFO get_files: tailwindcss_oxide::scanner: exit
2025-11-24T04:56:28.034889Z  INFO get_globs: tailwindcss_oxide::scanner: enter
2025-11-24T04:56:28.034897Z  INFO get_globs: tailwindcss_oxide::scanner: exit
2025-11-24T04:57:08.128134Z  INFO scan_sources: tailwindcss_oxide::scanner: enter
2025-11-24T04:57:08.129579Z  INFO scan_sources: tailwindcss_oxide::scanner: Discovering "G:\\GitHub\\lotes-en-taganga\\app"
2025-11-24T04:57:08.129787Z  INFO scan_sources: tailwindcss_oxide::scanner: Discovering "G:\\GitHub\\lotes-en-taganga\\app\\components"
2025-11-24T04:57:08.130217Z  INFO scan_sources: tailwindcss_oxide::scanner: Discovering "G:\\GitHub\\lotes-en-taganga\\app\\components\\Wsbtn.tsx"
2025-11-24T04:57:08.130725Z  INFO scan_sources: tailwindcss_oxide::scanner: Discovering "G:\\GitHub\\lotes-en-taganga\\public"
2025-11-24T04:57:08.130959Z  INFO scan_sources: tailwindcss_oxide::scanner: Discovering "G:\\GitHub\\lotes-en-taganga\\public\\images"
2025-11-24T04:57:08.131346Z  INFO scan_sources: tailwindcss_oxide::scanner: exit
2025-11-24T04:57:08.131356Z  INFO extract_candidates: tailwindcss_oxide::scanner: enter
2025-11-24T04:57:08.131361Z  INFO extract_candidates:read_all_files: tailwindcss_oxide::scanner: enter
2025-11-24T04:57:08.131364Z  INFO extract_candidates:read_all_files: tailwindcss_oxide::scanner: Reading 1 file(s)
2025-11-24T04:57:08.131425Z  INFO extract_candidates:read_all_files: tailwindcss_oxide::scanner: Reading "G:\\GitHub\\lotes-en-taganga\\app\\components\\Wsbtn.tsx"
2025-11-24T04:57:08.131436Z  INFO extract_candidates:read_all_files: tailwindcss_oxide::scanner: exit
2025-11-24T04:57:08.131440Z  INFO extract_candidates:parse_all_blobs: tailwindcss_oxide::scanner: enter
2025-11-24T04:57:08.131443Z  INFO extract_candidates:parse_all_blobs:extract: tailwindcss_oxide::scanner: enter
2025-11-24T04:57:08.131608Z  INFO extract_candidates:parse_all_blobs:extract: tailwindcss_oxide::scanner: exit
2025-11-24T04:57:08.131624Z  INFO extract_candidates:parse_all_blobs: tailwindcss_oxide::scanner: exit
2025-11-24T04:57:08.131753Z  INFO extract_candidates: tailwindcss_oxide::scanner: exit
2025-11-24T04:57:08.131994Z  INFO get_files: tailwindcss_oxide::scanner: enter
2025-11-24T04:57:08.132001Z  INFO get_files:scan_sources: tailwindcss_oxide::scanner: enter
2025-11-24T04:57:08.133097Z  INFO get_files:scan_sources: tailwindcss_oxide::scanner: Discovering "G:\\GitHub\\lotes-en-taganga\\app"
2025-11-24T04:57:08.133253Z  INFO get_files:scan_sources: tailwindcss_oxide::scanner: Discovering "G:\\GitHub\\lotes-en-taganga\\app\\components"
2025-11-24T04:57:08.134303Z  INFO get_files:scan_sources: tailwindcss_oxide::scanner: Discovering "G:\\GitHub\\lotes-en-taganga\\public"
2025-11-24T04:57:08.134582Z  INFO get_files:scan_sources: tailwindcss_oxide::scanner: Discovering "G:\\GitHub\\lotes-en-taganga\\public\\images"
2025-11-24T04:57:08.134965Z  INFO get_files:scan_sources: tailwindcss_oxide::scanner: exit
2025-11-24T04:57:08.135086Z  INFO get_files: tailwindcss_oxide::scanner: exit
2025-11-24T04:57:08.135218Z  INFO get_globs: tailwindcss_oxide::scanner: enter
2025-11-24T04:57:08.135226Z  INFO get_globs: tailwindcss_oxide::scanner: exit
2025-11-24T19:44:14.756044Z  INFO scan_sources: tailwindcss_oxide::scanner: enter
2025-11-24T19:44:15.918303Z  INFO scan_sources: tailwindcss_oxide::scanner: Discovering "G:\\GitHub\\lotes-en-taganga\\app"
2025-11-24T19:44:15.918495Z  INFO scan_sources: tailwindcss_oxide::scanner: Discovering "G:\\GitHub\\lotes-en-taganga\\app\\components"
2025-11-24T19:44:15.919374Z  INFO scan_sources: tailwindcss_oxide::scanner: Discovering "G:\\GitHub\\lotes-en-taganga\\app\\page.tsx"
2025-11-24T19:44:15.920349Z  INFO scan_sources: tailwindcss_oxide::scanner: Discovering "G:\\GitHub\\lotes-en-taganga\\public"
2025-11-24T19:44:15.920700Z  INFO scan_sources: tailwindcss_oxide::scanner: Discovering "G:\\GitHub\\lotes-en-taganga\\public\\images"
2025-11-24T19:44:15.946887Z  INFO scan_sources: tailwindcss_oxide::scanner: exit
2025-11-24T19:44:15.946922Z  INFO extract_candidates: tailwindcss_oxide::scanner: enter
2025-11-24T19:44:15.946932Z  INFO extract_candidates:read_all_files: tailwindcss_oxide::scanner: enter
2025-11-24T19:44:15.946937Z  INFO extract_candidates:read_all_files: tailwindcss_oxide::scanner: Reading 1 file(s)
2025-11-24T19:44:16.078997Z  INFO extract_candidates:read_all_files: tailwindcss_oxide::scanner: Reading "G:\\GitHub\\lotes-en-taganga\\app\\page.tsx"
2025-11-24T19:44:16.121694Z  INFO extract_candidates:read_all_files: tailwindcss_oxide::scanner: exit
2025-11-24T19:44:16.121731Z  INFO extract_candidates:parse_all_blobs: tailwindcss_oxide::scanner: enter
2025-11-24T19:44:16.121737Z  INFO extract_candidates:parse_all_blobs:extract: tailwindcss_oxide::scanner: enter
2025-11-24T19:44:16.169837Z  INFO extract_candidates:parse_all_blobs:extract: tailwindcss_oxide::scanner: exit
2025-11-24T19:44:16.169888Z  INFO extract_candidates:parse_all_blobs: tailwindcss_oxide::scanner: exit
2025-11-24T19:44:16.170159Z  INFO extract_candidates: tailwindcss_oxide::scanner: exit
2025-11-24T19:44:16.171079Z  INFO get_files: tailwindcss_oxide::scanner: enter
2025-11-24T19:44:16.171091Z  INFO get_files:scan_sources: tailwindcss_oxide::scanner: enter
2025-11-24T19:44:16.172499Z  INFO get_files:scan_sources: tailwindcss_oxide::scanner: Discovering "G:\\GitHub\\lotes-en-taganga\\app"
2025-11-24T19:44:16.172672Z  INFO get_files:scan_sources: tailwindcss_oxide::scanner: Discovering "G:\\GitHub\\lotes-en-taganga\\app\\components"
2025-11-24T19:44:16.173171Z  INFO get_files:scan_sources: tailwindcss_oxide::scanner: Discovering "G:\\GitHub\\lotes-en-taganga\\app\\page.tsx"
2025-11-24T19:44:16.173569Z  INFO get_files:scan_sources: tailwindcss_oxide::scanner: Discovering "G:\\GitHub\\lotes-en-taganga\\public"
2025-11-24T19:44:16.173789Z  INFO get_files:scan_sources: tailwindcss_oxide::scanner: Discovering "G:\\GitHub\\lotes-en-taganga\\public\\images"
2025-11-24T19:44:16.174163Z  INFO get_files:scan_sources: tailwindcss_oxide::scanner: exit
2025-11-24T19:44:16.218276Z  INFO get_files: tailwindcss_oxide::scanner: exit
2025-11-24T19:44:16.218444Z  INFO get_globs: tailwindcss_oxide::scanner: enter
2025-11-24T19:44:16.218454Z  INFO get_globs: tailwindcss_oxide::scanner: exit
2025-11-24T19:44:19.739882Z  INFO scan_sources: tailwindcss_oxide::scanner: enter
2025-11-24T19:44:19.741140Z  INFO scan_sources: tailwindcss_oxide::scanner: Discovering "G:\\GitHub\\lotes-en-taganga\\app"
2025-11-24T19:44:19.741305Z  INFO scan_sources: tailwindcss_oxide::scanner: Discovering "G:\\GitHub\\lotes-en-taganga\\app\\components"
2025-11-24T19:44:19.741804Z  INFO scan_sources: tailwindcss_oxide::scanner: Discovering "G:\\GitHub\\lotes-en-taganga\\app\\page.tsx"
2025-11-24T19:44:19.742208Z  INFO scan_sources: tailwindcss_oxide::scanner: Discovering "G:\\GitHub\\lotes-en-taganga\\public"
2025-11-24T19:44:19.742430Z  INFO scan_sources: tailwindcss_oxide::scanner: Discovering "G:\\GitHub\\lotes-en-taganga\\public\\images"
2025-11-24T19:44:19.742839Z  INFO scan_sources: tailwindcss_oxide::scanner: exit
2025-11-24T19:44:19.742850Z  INFO extract_candidates: tailwindcss_oxide::scanner: enter
2025-11-24T19:44:19.742855Z  INFO extract_candidates:read_all_files: tailwindcss_oxide::scanner: enter
2025-11-24T19:44:19.742859Z  INFO extract_candidates:read_all_files: tailwindcss_oxide::scanner: Reading 2 file(s)
2025-11-24T19:44:19.743002Z  INFO tailwindcss_oxide::scanner: Reading "G:\\GitHub\\lotes-en-taganga\\app\\page.tsx"
2025-11-24T19:44:19.743074Z  INFO tailwindcss_oxide::scanner: Reading "G:\\GitHub\\lotes-en-taganga\\app\\page.tsx"
2025-11-24T19:44:19.743552Z  INFO extract_candidates:read_all_files: tailwindcss_oxide::scanner: exit
2025-11-24T19:44:19.743569Z  INFO extract_candidates:parse_all_blobs: tailwindcss_oxide::scanner: enter
2025-11-24T19:44:19.743575Z  INFO extract_candidates:parse_all_blobs:extract: tailwindcss_oxide::scanner: enter
2025-11-24T19:44:19.743750Z  INFO extract_candidates:parse_all_blobs:extract: tailwindcss_oxide::scanner: exit
2025-11-24T19:44:19.743787Z  INFO extract_candidates:parse_all_blobs: tailwindcss_oxide::scanner: exit
2025-11-24T19:44:19.743865Z  INFO extract_candidates: tailwindcss_oxide::scanner: exit
2025-11-24T19:44:19.744139Z  INFO get_files: tailwindcss_oxide::scanner: enter
2025-11-24T19:44:19.744149Z  INFO get_files:scan_sources: tailwindcss_oxide::scanner: enter
2025-11-24T19:44:19.745287Z  INFO get_files:scan_sources: tailwindcss_oxide::scanner: Discovering "G:\\GitHub\\lotes-en-taganga\\app"
2025-11-24T19:44:19.745445Z  INFO get_files:scan_sources: tailwindcss_oxide::scanner: Discovering "G:\\GitHub\\lotes-en-taganga\\app\\components"
2025-11-24T19:44:19.746445Z  INFO get_files:scan_sources: tailwindcss_oxide::scanner: Discovering "G:\\GitHub\\lotes-en-taganga\\public"
2025-11-24T19:44:19.746668Z  INFO get_files:scan_sources: tailwindcss_oxide::scanner: Discovering "G:\\GitHub\\lotes-en-taganga\\public\\images"
2025-11-24T19:44:19.747034Z  INFO get_files:scan_sources: tailwindcss_oxide::scanner: exit
2025-11-24T19:44:19.747778Z  INFO get_files: tailwindcss_oxide::scanner: exit
2025-11-24T19:44:19.747925Z  INFO get_globs: tailwindcss_oxide::scanner: enter
2025-11-24T19:44:19.747933Z  INFO get_globs: tailwindcss_oxide::scanner: exit
2025-11-24T19:44:22.926948Z  INFO scan_sources: tailwindcss_oxide::scanner: enter
2025-11-24T19:44:22.928444Z  INFO scan_sources: tailwindcss_oxide::scanner: Discovering "G:\\GitHub\\lotes-en-taganga\\app"
2025-11-24T19:44:22.928630Z  INFO scan_sources: tailwindcss_oxide::scanner: Discovering "G:\\GitHub\\lotes-en-taganga\\app\\components"
2025-11-24T19:44:22.929221Z  INFO scan_sources: tailwindcss_oxide::scanner: Discovering "G:\\GitHub\\lotes-en-taganga\\app\\page.tsx"
2025-11-24T19:44:22.929706Z  INFO scan_sources: tailwindcss_oxide::scanner: Discovering "G:\\GitHub\\lotes-en-taganga\\public"
2025-11-24T19:44:22.929965Z  INFO scan_sources: tailwindcss_oxide::scanner: Discovering "G:\\GitHub\\lotes-en-taganga\\public\\images"
2025-11-24T19:44:22.930401Z  INFO scan_sources: tailwindcss_oxide::scanner: exit
2025-11-24T19:44:22.930414Z  INFO extract_candidates: tailwindcss_oxide::scanner: enter
2025-11-24T19:44:22.930419Z  INFO extract_candidates:read_all_files: tailwindcss_oxide::scanner: enter
2025-11-24T19:44:22.930422Z  INFO extract_candidates:read_all_files: tailwindcss_oxide::scanner: Reading 1 file(s)
2025-11-24T19:44:22.930487Z  INFO extract_candidates:read_all_files: tailwindcss_oxide::scanner: Reading "G:\\GitHub\\lotes-en-taganga\\app\\page.tsx"
2025-11-24T19:44:22.930497Z  INFO extract_candidates:read_all_files: tailwindcss_oxide::scanner: exit
2025-11-24T19:44:22.930502Z  INFO extract_candidates:parse_all_blobs: tailwindcss_oxide::scanner: enter
2025-11-24T19:44:22.930507Z  INFO extract_candidates:parse_all_blobs:extract: tailwindcss_oxide::scanner: enter
2025-11-24T19:44:22.930714Z  INFO extract_candidates:parse_all_blobs:extract: tailwindcss_oxide::scanner: exit
2025-11-24T19:44:22.930729Z  INFO extract_candidates:parse_all_blobs: tailwindcss_oxide::scanner: exit
2025-11-24T19:44:22.930801Z  INFO extract_candidates: tailwindcss_oxide::scanner: exit
2025-11-24T19:44:22.931032Z  INFO get_files: tailwindcss_oxide::scanner: enter
2025-11-24T19:44:22.931039Z  INFO get_files:scan_sources: tailwindcss_oxide::scanner: enter
2025-11-24T19:44:22.932465Z  INFO get_files:scan_sources: tailwindcss_oxide::scanner: Discovering "G:\\GitHub\\lotes-en-taganga\\app"
2025-11-24T19:44:22.932633Z  INFO get_files:scan_sources: tailwindcss_oxide::scanner: Discovering "G:\\GitHub\\lotes-en-taganga\\app\\components"
2025-11-24T19:44:22.933706Z  INFO get_files:scan_sources: tailwindcss_oxide::scanner: Discovering "G:\\GitHub\\lotes-en-taganga\\public"
2025-11-24T19:44:22.933937Z  INFO get_files:scan_sources: tailwindcss_oxide::scanner: Discovering "G:\\GitHub\\lotes-en-taganga\\public\\images"
2025-11-24T19:44:22.934338Z  INFO get_files:scan_sources: tailwindcss_oxide::scanner: exit
2025-11-24T19:44:22.934454Z  INFO get_files: tailwindcss_oxide::scanner: exit
2025-11-24T19:44:22.934602Z  INFO get_globs: tailwindcss_oxide::scanner: enter
2025-11-24T19:44:22.934609Z  INFO get_globs: tailwindcss_oxide::scanner: exit
2025-11-24T19:44:26.663363Z  INFO scan_sources: tailwindcss_oxide::scanner: enter
2025-11-24T19:44:26.664946Z  INFO scan_sources: tailwindcss_oxide::scanner: Discovering "G:\\GitHub\\lotes-en-taganga\\app"
2025-11-24T19:44:26.665151Z  INFO scan_sources: tailwindcss_oxide::scanner: Discovering "G:\\GitHub\\lotes-en-taganga\\app\\components"
2025-11-24T19:44:26.666815Z  INFO scan_sources: tailwindcss_oxide::scanner: Discovering "G:\\GitHub\\lotes-en-taganga\\public"
2025-11-24T19:44:26.667127Z  INFO scan_sources: tailwindcss_oxide::scanner: Discovering "G:\\GitHub\\lotes-en-taganga\\public\\images"
2025-11-24T19:44:26.667555Z  INFO scan_sources: tailwindcss_oxide::scanner: exit
2025-11-24T19:44:26.667566Z  INFO extract_candidates: tailwindcss_oxide::scanner: enter
2025-11-24T19:44:26.667572Z  INFO extract_candidates:read_all_files: tailwindcss_oxide::scanner: enter
2025-11-24T19:44:26.667578Z  INFO extract_candidates:read_all_files: tailwindcss_oxide::scanner: Reading 0 file(s)
2025-11-24T19:44:26.667584Z  INFO extract_candidates:read_all_files: tailwindcss_oxide::scanner: exit
2025-11-24T19:44:26.667588Z  INFO extract_candidates:parse_all_blobs: tailwindcss_oxide::scanner: enter
2025-11-24T19:44:26.667591Z  INFO extract_candidates:parse_all_blobs:extract: tailwindcss_oxide::scanner: enter
2025-11-24T19:44:26.667596Z  INFO extract_candidates:parse_all_blobs:extract: tailwindcss_oxide::scanner: exit
2025-11-24T19:44:26.667600Z  INFO extract_candidates:parse_all_blobs: tailwindcss_oxide::scanner: exit
2025-11-24T19:44:26.667605Z  INFO extract_candidates: tailwindcss_oxide::scanner: exit
2025-11-24T19:44:26.667839Z  INFO get_files: tailwindcss_oxide::scanner: enter
2025-11-24T19:44:26.667846Z  INFO get_files:scan_sources: tailwindcss_oxide::scanner: enter
2025-11-24T19:44:26.669057Z  INFO get_files:scan_sources: tailwindcss_oxide::scanner: Discovering "G:\\GitHub\\lotes-en-taganga\\app"
2025-11-24T19:44:26.669250Z  INFO get_files:scan_sources: tailwindcss_oxide::scanner: Discovering "G:\\GitHub\\lotes-en-taganga\\app\\components"
2025-11-24T19:44:26.670138Z  INFO get_files:scan_sources: tailwindcss_oxide::scanner: Discovering "G:\\GitHub\\lotes-en-taganga\\public"
2025-11-24T19:44:26.670379Z  INFO get_files:scan_sources: tailwindcss_oxide::scanner: Discovering "G:\\GitHub\\lotes-en-taganga\\public\\images"
2025-11-24T19:44:26.670766Z  INFO get_files:scan_sources: tailwindcss_oxide::scanner: exit
2025-11-24T19:44:26.671378Z  INFO get_files: tailwindcss_oxide::scanner: exit
2025-11-24T19:44:26.671524Z  INFO get_globs: tailwindcss_oxide::scanner: enter
2025-11-24T19:44:26.671531Z  INFO get_globs: tailwindcss_oxide::scanner: exit
2025-11-24T19:44:56.689788Z  INFO scan_sources: tailwindcss_oxide::scanner: enter
2025-11-24T19:44:56.692063Z  INFO scan_sources: tailwindcss_oxide::scanner: Discovering "G:\\GitHub\\lotes-en-taganga\\app"
2025-11-24T19:44:56.692278Z  INFO scan_sources: tailwindcss_oxide::scanner: Discovering "G:\\GitHub\\lotes-en-taganga\\app\\components"
2025-11-24T19:44:56.692815Z  INFO scan_sources: tailwindcss_oxide::scanner: Discovering "G:\\GitHub\\lotes-en-taganga\\app\\page.tsx"
2025-11-24T19:44:56.693282Z  INFO scan_sources: tailwindcss_oxide::scanner: Discovering "G:\\GitHub\\lotes-en-taganga\\public"
2025-11-24T19:44:56.693545Z  INFO scan_sources: tailwindcss_oxide::scanner: Discovering "G:\\GitHub\\lotes-en-taganga\\public\\images"
2025-11-24T19:44:56.693956Z  INFO scan_sources: tailwindcss_oxide::scanner: exit
2025-11-24T19:44:56.693967Z  INFO extract_candidates: tailwindcss_oxide::scanner: enter
2025-11-24T19:44:56.693973Z  INFO extract_candidates:read_all_files: tailwindcss_oxide::scanner: enter
2025-11-24T19:44:56.693976Z  INFO extract_candidates:read_all_files: tailwindcss_oxide::scanner: Reading 1 file(s)
2025-11-24T19:44:56.694044Z  INFO extract_candidates:read_all_files: tailwindcss_oxide::scanner: Reading "G:\\GitHub\\lotes-en-taganga\\app\\page.tsx"
2025-11-24T19:44:56.694053Z  INFO extract_candidates:read_all_files: tailwindcss_oxide::scanner: exit
2025-11-24T19:44:56.694058Z  INFO extract_candidates:parse_all_blobs: tailwindcss_oxide::scanner: enter
2025-11-24T19:44:56.694061Z  INFO extract_candidates:parse_all_blobs:extract: tailwindcss_oxide::scanner: enter
2025-11-24T19:44:56.694672Z  INFO extract_candidates:parse_all_blobs:extract: tailwindcss_oxide::scanner: exit
2025-11-24T19:44:56.694685Z  INFO extract_candidates:parse_all_blobs: tailwindcss_oxide::scanner: exit
2025-11-24T19:44:56.695329Z  INFO extract_candidates: tailwindcss_oxide::scanner: exit
2025-11-24T19:44:56.695588Z  INFO get_files: tailwindcss_oxide::scanner: enter
2025-11-24T19:44:56.695596Z  INFO get_files:scan_sources: tailwindcss_oxide::scanner: enter
2025-11-24T19:44:56.696710Z  INFO get_files:scan_sources: tailwindcss_oxide::scanner: Discovering "G:\\GitHub\\lotes-en-taganga\\app"
2025-11-24T19:44:56.696872Z  INFO get_files:scan_sources: tailwindcss_oxide::scanner: Discovering "G:\\GitHub\\lotes-en-taganga\\app\\components"
2025-11-24T19:44:56.697759Z  INFO get_files:scan_sources: tailwindcss_oxide::scanner: Discovering "G:\\GitHub\\lotes-en-taganga\\public"
2025-11-24T19:44:56.697986Z  INFO get_files:scan_sources: tailwindcss_oxide::scanner: Discovering "G:\\GitHub\\lotes-en-taganga\\public\\images"
2025-11-24T19:44:56.698383Z  INFO get_files:scan_sources: tailwindcss_oxide::scanner: exit
2025-11-24T19:44:56.698942Z  INFO get_files: tailwindcss_oxide::scanner: exit
2025-11-24T19:44:56.699088Z  INFO get_globs: tailwindcss_oxide::scanner: enter
2025-11-24T19:44:56.699100Z  INFO get_globs: tailwindcss_oxide::scanner: exit
2025-11-24T19:45:11.797637Z  INFO scan_sources: tailwindcss_oxide::scanner: enter
2025-11-24T19:45:11.799281Z  INFO scan_sources: tailwindcss_oxide::scanner: Discovering "G:\\GitHub\\lotes-en-taganga\\app"
2025-11-24T19:45:11.799452Z  INFO scan_sources: tailwindcss_oxide::scanner: Discovering "G:\\GitHub\\lotes-en-taganga\\app\\components"
2025-11-24T19:45:11.799592Z  INFO scan_sources: tailwindcss_oxide::scanner: Discovering "G:\\GitHub\\lotes-en-taganga\\app\\components\\Gallery.tsx"
2025-11-24T19:45:11.800352Z  INFO scan_sources: tailwindcss_oxide::scanner: Discovering "G:\\GitHub\\lotes-en-taganga\\public"
2025-11-24T19:45:11.800575Z  INFO scan_sources: tailwindcss_oxide::scanner: Discovering "G:\\GitHub\\lotes-en-taganga\\public\\images"
2025-11-24T19:45:11.800958Z  INFO scan_sources: tailwindcss_oxide::scanner: exit
2025-11-24T19:45:11.800968Z  INFO extract_candidates: tailwindcss_oxide::scanner: enter
2025-11-24T19:45:11.800973Z  INFO extract_candidates:read_all_files: tailwindcss_oxide::scanner: enter
2025-11-24T19:45:11.800976Z  INFO extract_candidates:read_all_files: tailwindcss_oxide::scanner: Reading 1 file(s)
2025-11-24T19:45:11.801044Z  INFO extract_candidates:read_all_files: tailwindcss_oxide::scanner: Reading "G:\\GitHub\\lotes-en-taganga\\app\\components\\Gallery.tsx"
2025-11-24T19:45:11.801055Z  INFO extract_candidates:read_all_files: tailwindcss_oxide::scanner: exit
2025-11-24T19:45:11.801064Z  INFO extract_candidates:parse_all_blobs: tailwindcss_oxide::scanner: enter
2025-11-24T19:45:11.801069Z  INFO extract_candidates:parse_all_blobs:extract: tailwindcss_oxide::scanner: enter
2025-11-24T19:45:11.915164Z  INFO extract_candidates:parse_all_blobs:extract: tailwindcss_oxide::scanner: exit
2025-11-24T19:45:11.915206Z  INFO extract_candidates:parse_all_blobs: tailwindcss_oxide::scanner: exit
2025-11-24T19:45:11.963089Z  INFO extract_candidates: tailwindcss_oxide::scanner: exit
2025-11-24T19:45:11.964225Z  INFO get_files: tailwindcss_oxide::scanner: enter
2025-11-24T19:45:11.964237Z  INFO get_files:scan_sources: tailwindcss_oxide::scanner: enter
2025-11-24T19:45:11.965499Z  INFO get_files:scan_sources: tailwindcss_oxide::scanner: Discovering "G:\\GitHub\\lotes-en-taganga\\app"
2025-11-24T19:45:11.965660Z  INFO get_files:scan_sources: tailwindcss_oxide::scanner: Discovering "G:\\GitHub\\lotes-en-taganga\\app\\components"
2025-11-24T19:45:11.966491Z  INFO get_files:scan_sources: tailwindcss_oxide::scanner: Discovering "G:\\GitHub\\lotes-en-taganga\\public"
2025-11-24T19:45:11.966710Z  INFO get_files:scan_sources: tailwindcss_oxide::scanner: Discovering "G:\\GitHub\\lotes-en-taganga\\public\\images"
2025-11-24T19:45:11.967105Z  INFO get_files:scan_sources: tailwindcss_oxide::scanner: exit
2025-11-24T19:45:11.967230Z  INFO get_files: tailwindcss_oxide::scanner: exit
2025-11-24T19:45:11.967349Z  INFO get_globs: tailwindcss_oxide::scanner: enter
2025-11-24T19:45:11.967357Z  INFO get_globs: tailwindcss_oxide::scanner: exit
2025-11-24T19:55:37.013190Z  INFO scan_sources: tailwindcss_oxide::scanner: enter
2025-11-24T19:55:37.014556Z  INFO scan_sources: tailwindcss_oxide::scanner: Discovering "G:\\GitHub\\lotes-en-taganga\\app"
2025-11-24T19:55:37.014763Z  INFO scan_sources: tailwindcss_oxide::scanner: Discovering "G:\\GitHub\\lotes-en-taganga\\app\\components"
2025-11-24T19:55:37.015167Z  INFO scan_sources: tailwindcss_oxide::scanner: Discovering "G:\\GitHub\\lotes-en-taganga\\app\\components\\Maps.tsx"
2025-11-24T19:55:37.031000Z  INFO scan_sources: tailwindcss_oxide::scanner: Discovering "G:\\GitHub\\lotes-en-taganga\\public"
2025-11-24T19:55:37.031249Z  INFO scan_sources: tailwindcss_oxide::scanner: Discovering "G:\\GitHub\\lotes-en-taganga\\public\\images"
2025-11-24T19:55:37.031754Z  INFO scan_sources: tailwindcss_oxide::scanner: exit
2025-11-24T19:55:37.031766Z  INFO extract_candidates: tailwindcss_oxide::scanner: enter
2025-11-24T19:55:37.031771Z  INFO extract_candidates:read_all_files: tailwindcss_oxide::scanner: enter
2025-11-24T19:55:37.031774Z  INFO extract_candidates:read_all_files: tailwindcss_oxide::scanner: Reading 1 file(s)
2025-11-24T19:55:37.031820Z  INFO extract_candidates:read_all_files: tailwindcss_oxide::scanner: Reading "G:\\GitHub\\lotes-en-taganga\\app\\components\\Maps.tsx"
2025-11-24T19:55:37.031829Z  INFO extract_candidates:read_all_files: tailwindcss_oxide::scanner: exit
2025-11-24T19:55:37.031833Z  INFO extract_candidates:parse_all_blobs: tailwindcss_oxide::scanner: enter
2025-11-24T19:55:37.031837Z  INFO extract_candidates:parse_all_blobs:extract: tailwindcss_oxide::scanner: enter
2025-11-24T19:55:37.031841Z  INFO extract_candidates:parse_all_blobs:extract: tailwindcss_oxide::scanner: exit
2025-11-24T19:55:37.031844Z  INFO extract_candidates:parse_all_blobs: tailwindcss_oxide::scanner: exit
2025-11-24T19:55:37.031848Z  INFO extract_candidates: tailwindcss_oxide::scanner: exit
2025-11-24T19:55:37.032166Z  INFO get_files: tailwindcss_oxide::scanner: enter
2025-11-24T19:55:37.032174Z  INFO get_files:scan_sources: tailwindcss_oxide::scanner: enter
2025-11-24T19:55:37.033312Z  INFO get_files:scan_sources: tailwindcss_oxide::scanner: Discovering "G:\\GitHub\\lotes-en-taganga\\app"
2025-11-24T19:55:37.033479Z  INFO get_files:scan_sources: tailwindcss_oxide::scanner: Discovering "G:\\GitHub\\lotes-en-taganga\\app\\components"
2025-11-24T19:55:37.034445Z  INFO get_files:scan_sources: tailwindcss_oxide::scanner: Discovering "G:\\GitHub\\lotes-en-taganga\\public"
2025-11-24T19:55:37.034685Z  INFO get_files:scan_sources: tailwindcss_oxide::scanner: Discovering "G:\\GitHub\\lotes-en-taganga\\public\\images"
2025-11-24T19:55:37.035076Z  INFO get_files:scan_sources: tailwindcss_oxide::scanner: exit
2025-11-24T19:55:37.035224Z  INFO get_files: tailwindcss_oxide::scanner: exit
2025-11-24T19:55:37.035415Z  INFO get_globs: tailwindcss_oxide::scanner: enter
2025-11-24T19:55:37.035424Z  INFO get_globs: tailwindcss_oxide::scanner: exit
2025-11-24T19:55:53.221737Z  INFO scan_sources: tailwindcss_oxide::scanner: enter
2025-11-24T19:55:53.223190Z  INFO scan_sources: tailwindcss_oxide::scanner: Discovering "G:\\GitHub\\lotes-en-taganga\\app"
2025-11-24T19:55:53.223367Z  INFO scan_sources: tailwindcss_oxide::scanner: Discovering "G:\\GitHub\\lotes-en-taganga\\app\\components"
2025-11-24T19:55:53.223950Z  INFO scan_sources: tailwindcss_oxide::scanner: Discovering "G:\\GitHub\\lotes-en-taganga\\app\\page.tsx"
2025-11-24T19:55:53.224403Z  INFO scan_sources: tailwindcss_oxide::scanner: Discovering "G:\\GitHub\\lotes-en-taganga\\public"
2025-11-24T19:55:53.224653Z  INFO scan_sources: tailwindcss_oxide::scanner: Discovering "G:\\GitHub\\lotes-en-taganga\\public\\images"
2025-11-24T19:55:53.225460Z  INFO scan_sources: tailwindcss_oxide::scanner: exit
2025-11-24T19:55:53.225477Z  INFO extract_candidates: tailwindcss_oxide::scanner: enter
2025-11-24T19:55:53.225483Z  INFO extract_candidates:read_all_files: tailwindcss_oxide::scanner: enter
2025-11-24T19:55:53.225487Z  INFO extract_candidates:read_all_files: tailwindcss_oxide::scanner: Reading 1 file(s)
2025-11-24T19:55:53.225570Z  INFO extract_candidates:read_all_files: tailwindcss_oxide::scanner: Reading "G:\\GitHub\\lotes-en-taganga\\app\\page.tsx"
2025-11-24T19:55:53.225581Z  INFO extract_candidates:read_all_files: tailwindcss_oxide::scanner: exit
2025-11-24T19:55:53.225587Z  INFO extract_candidates:parse_all_blobs: tailwindcss_oxide::scanner: enter
2025-11-24T19:55:53.225590Z  INFO extract_candidates:parse_all_blobs:extract: tailwindcss_oxide::scanner: enter
2025-11-24T19:55:53.226369Z  INFO extract_candidates:parse_all_blobs:extract: tailwindcss_oxide::scanner: exit
2025-11-24T19:55:53.226385Z  INFO extract_candidates:parse_all_blobs: tailwindcss_oxide::scanner: exit
2025-11-24T19:55:53.226449Z  INFO extract_candidates: tailwindcss_oxide::scanner: exit
2025-11-24T19:55:53.226811Z  INFO get_files: tailwindcss_oxide::scanner: enter
2025-11-24T19:55:53.226824Z  INFO get_files:scan_sources: tailwindcss_oxide::scanner: enter
2025-11-24T19:55:53.228617Z  INFO get_files:scan_sources: tailwindcss_oxide::scanner: Discovering "G:\\GitHub\\lotes-en-taganga\\app"
2025-11-24T19:55:53.228788Z  INFO get_files:scan_sources: tailwindcss_oxide::scanner: Discovering "G:\\GitHub\\lotes-en-taganga\\app\\components"
2025-11-24T19:55:53.229733Z  INFO get_files:scan_sources: tailwindcss_oxide::scanner: Discovering "G:\\GitHub\\lotes-en-taganga\\public"
2025-11-24T19:55:53.229969Z  INFO get_files:scan_sources: tailwindcss_oxide::scanner: Discovering "G:\\GitHub\\lotes-en-taganga\\public\\images"
2025-11-24T19:55:53.230368Z  INFO get_files:scan_sources: tailwindcss_oxide::scanner: exit
2025-11-24T19:55:53.230515Z  INFO get_files: tailwindcss_oxide::scanner: exit
2025-11-24T19:55:53.230734Z  INFO get_globs: tailwindcss_oxide::scanner: enter
2025-11-24T19:55:53.230746Z  INFO get_globs: tailwindcss_oxide::scanner: exit
2025-11-24T19:55:54.868468Z  INFO scan_sources: tailwindcss_oxide::scanner: enter
2025-11-24T19:55:54.869833Z  INFO scan_sources: tailwindcss_oxide::scanner: Discovering "G:\\GitHub\\lotes-en-taganga\\app"
2025-11-24T19:55:54.870015Z  INFO scan_sources: tailwindcss_oxide::scanner: Discovering "G:\\GitHub\\lotes-en-taganga\\app\\components"
2025-11-24T19:55:54.870532Z  INFO scan_sources: tailwindcss_oxide::scanner: Discovering "G:\\GitHub\\lotes-en-taganga\\app\\page.tsx"
2025-11-24T19:55:54.870935Z  INFO scan_sources: tailwindcss_oxide::scanner: Discovering "G:\\GitHub\\lotes-en-taganga\\public"
2025-11-24T19:55:54.871183Z  INFO scan_sources: tailwindcss_oxide::scanner: Discovering "G:\\GitHub\\lotes-en-taganga\\public\\images"
2025-11-24T19:55:54.871640Z  INFO scan_sources: tailwindcss_oxide::scanner: exit
2025-11-24T19:55:54.871653Z  INFO extract_candidates: tailwindcss_oxide::scanner: enter
2025-11-24T19:55:54.871659Z  INFO extract_candidates:read_all_files: tailwindcss_oxide::scanner: enter
2025-11-24T19:55:54.871663Z  INFO extract_candidates:read_all_files: tailwindcss_oxide::scanner: Reading 1 file(s)
2025-11-24T19:55:54.871735Z  INFO extract_candidates:read_all_files: tailwindcss_oxide::scanner: Reading "G:\\GitHub\\lotes-en-taganga\\app\\page.tsx"
2025-11-24T19:55:54.871745Z  INFO extract_candidates:read_all_files: tailwindcss_oxide::scanner: exit
2025-11-24T19:55:54.871749Z  INFO extract_candidates:parse_all_blobs: tailwindcss_oxide::scanner: enter
2025-11-24T19:55:54.871752Z  INFO extract_candidates:parse_all_blobs:extract: tailwindcss_oxide::scanner: enter
2025-11-24T19:55:54.871878Z  INFO extract_candidates:parse_all_blobs:extract: tailwindcss_oxide::scanner: exit
2025-11-24T19:55:54.871894Z  INFO extract_candidates:parse_all_blobs: tailwindcss_oxide::scanner: exit
2025-11-24T19:55:54.871962Z  INFO extract_candidates: tailwindcss_oxide::scanner: exit
2025-11-24T19:55:54.872245Z  INFO get_files: tailwindcss_oxide::scanner: enter
2025-11-24T19:55:54.872253Z  INFO get_files:scan_sources: tailwindcss_oxide::scanner: enter
2025-11-24T19:55:54.873553Z  INFO get_files:scan_sources: tailwindcss_oxide::scanner: Discovering "G:\\GitHub\\lotes-en-taganga\\app"
2025-11-24T19:55:54.873747Z  INFO get_files:scan_sources: tailwindcss_oxide::scanner: Discovering "G:\\GitHub\\lotes-en-taganga\\app\\components"
2025-11-24T19:55:54.874707Z  INFO get_files:scan_sources: tailwindcss_oxide::scanner: Discovering "G:\\GitHub\\lotes-en-taganga\\public"
2025-11-24T19:55:54.874981Z  INFO get_files:scan_sources: tailwindcss_oxide::scanner: Discovering "G:\\GitHub\\lotes-en-taganga\\public\\images"
2025-11-24T19:55:54.875422Z  INFO get_files:scan_sources: tailwindcss_oxide::scanner: exit
2025-11-24T19:55:54.875538Z  INFO get_files: tailwindcss_oxide::scanner: exit
2025-11-24T19:55:54.875710Z  INFO get_globs: tailwindcss_oxide::scanner: enter
2025-11-24T19:55:54.875720Z  INFO get_globs: tailwindcss_oxide::scanner: exit
2025-11-24T19:56:02.802019Z  INFO scan_sources: tailwindcss_oxide::scanner: enter
2025-11-24T19:56:02.803402Z  INFO scan_sources: tailwindcss_oxide::scanner: Discovering "G:\\GitHub\\lotes-en-taganga\\app"
2025-11-24T19:56:02.803669Z  INFO scan_sources: tailwindcss_oxide::scanner: Discovering "G:\\GitHub\\lotes-en-taganga\\app\\components"
2025-11-24T19:56:02.804217Z  INFO scan_sources: tailwindcss_oxide::scanner: Discovering "G:\\GitHub\\lotes-en-taganga\\app\\page.tsx"
2025-11-24T19:56:02.804616Z  INFO scan_sources: tailwindcss_oxide::scanner: Discovering "G:\\GitHub\\lotes-en-taganga\\public"
2025-11-24T19:56:02.804864Z  INFO scan_sources: tailwindcss_oxide::scanner: Discovering "G:\\GitHub\\lotes-en-taganga\\public\\images"
2025-11-24T19:56:02.805268Z  INFO scan_sources: tailwindcss_oxide::scanner: exit
2025-11-24T19:56:02.805278Z  INFO extract_candidates: tailwindcss_oxide::scanner: enter
2025-11-24T19:56:02.805283Z  INFO extract_candidates:read_all_files: tailwindcss_oxide::scanner: enter
2025-11-24T19:56:02.805286Z  INFO extract_candidates:read_all_files: tailwindcss_oxide::scanner: Reading 1 file(s)
2025-11-24T19:56:02.805359Z  INFO extract_candidates:read_all_files: tailwindcss_oxide::scanner: Reading "G:\\GitHub\\lotes-en-taganga\\app\\page.tsx"
2025-11-24T19:56:02.805368Z  INFO extract_candidates:read_all_files: tailwindcss_oxide::scanner: exit
2025-11-24T19:56:02.805372Z  INFO extract_candidates:parse_all_blobs: tailwindcss_oxide::scanner: enter
2025-11-24T19:56:02.805376Z  INFO extract_candidates:parse_all_blobs:extract: tailwindcss_oxide::scanner: enter
2025-11-24T19:56:02.805498Z  INFO extract_candidates:parse_all_blobs:extract: tailwindcss_oxide::scanner: exit
2025-11-24T19:56:02.805515Z  INFO extract_candidates:parse_all_blobs: tailwindcss_oxide::scanner: exit
2025-11-24T19:56:02.805601Z  INFO extract_candidates: tailwindcss_oxide::scanner: exit
2025-11-24T19:56:02.805883Z  INFO get_files: tailwindcss_oxide::scanner: enter
2025-11-24T19:56:02.805889Z  INFO get_files:scan_sources: tailwindcss_oxide::scanner: enter
2025-11-24T19:56:02.807207Z  INFO get_files:scan_sources: tailwindcss_oxide::scanner: Discovering "G:\\GitHub\\lotes-en-taganga\\app"
2025-11-24T19:56:02.807393Z  INFO get_files:scan_sources: tailwindcss_oxide::scanner: Discovering "G:\\GitHub\\lotes-en-taganga\\app\\components"
2025-11-24T19:56:02.808241Z  INFO get_files:scan_sources: tailwindcss_oxide::scanner: Discovering "G:\\GitHub\\lotes-en-taganga\\public"
2025-11-24T19:56:02.808458Z  INFO get_files:scan_sources: tailwindcss_oxide::scanner: Discovering "G:\\GitHub\\lotes-en-taganga\\public\\images"
2025-11-24T19:56:02.808854Z  INFO get_files:scan_sources: tailwindcss_oxide::scanner: exit
2025-11-24T19:56:02.809004Z  INFO get_files: tailwindcss_oxide::scanner: exit
2025-11-24T19:56:02.809172Z  INFO get_globs: tailwindcss_oxide::scanner: enter
2025-11-24T19:56:02.809179Z  INFO get_globs: tailwindcss_oxide::scanner: exit
2025-11-24T19:56:04.385277Z  INFO scan_sources: tailwindcss_oxide::scanner: enter
2025-11-24T19:56:04.393977Z  INFO scan_sources: tailwindcss_oxide::scanner: Discovering "G:\\GitHub\\lotes-en-taganga\\app"
2025-11-24T19:56:04.394234Z  INFO scan_sources: tailwindcss_oxide::scanner: Discovering "G:\\GitHub\\lotes-en-taganga\\app\\components"
2025-11-24T19:56:04.394855Z  INFO scan_sources: tailwindcss_oxide::scanner: Discovering "G:\\GitHub\\lotes-en-taganga\\app\\page.tsx"
2025-11-24T19:56:04.395272Z  INFO scan_sources: tailwindcss_oxide::scanner: Discovering "G:\\GitHub\\lotes-en-taganga\\public"
2025-11-24T19:56:04.395502Z  INFO scan_sources: tailwindcss_oxide::scanner: Discovering "G:\\GitHub\\lotes-en-taganga\\public\\images"
2025-11-24T19:56:04.396076Z  INFO scan_sources: tailwindcss_oxide::scanner: exit
2025-11-24T19:56:04.396092Z  INFO extract_candidates: tailwindcss_oxide::scanner: enter
2025-11-24T19:56:04.396098Z  INFO extract_candidates:read_all_files: tailwindcss_oxide::scanner: enter
2025-11-24T19:56:04.396102Z  INFO extract_candidates:read_all_files: tailwindcss_oxide::scanner: Reading 1 file(s)
2025-11-24T19:56:04.396191Z  INFO extract_candidates:read_all_files: tailwindcss_oxide::scanner: Reading "G:\\GitHub\\lotes-en-taganga\\app\\page.tsx"
2025-11-24T19:56:04.396202Z  INFO extract_candidates:read_all_files: tailwindcss_oxide::scanner: exit
2025-11-24T19:56:04.396208Z  INFO extract_candidates:parse_all_blobs: tailwindcss_oxide::scanner: enter
2025-11-24T19:56:04.396212Z  INFO extract_candidates:parse_all_blobs:extract: tailwindcss_oxide::scanner: enter
2025-11-24T19:56:04.396343Z  INFO extract_candidates:parse_all_blobs:extract: tailwindcss_oxide::scanner: exit
2025-11-24T19:56:04.396359Z  INFO extract_candidates:parse_all_blobs: tailwindcss_oxide::scanner: exit
2025-11-24T19:56:04.396413Z  INFO extract_candidates: tailwindcss_oxide::scanner: exit
2025-11-24T19:56:04.396681Z  INFO get_files: tailwindcss_oxide::scanner: enter
2025-11-24T19:56:04.396689Z  INFO get_files:scan_sources: tailwindcss_oxide::scanner: enter
2025-11-24T19:56:04.398195Z  INFO get_files:scan_sources: tailwindcss_oxide::scanner: Discovering "G:\\GitHub\\lotes-en-taganga\\app"
2025-11-24T19:56:04.398371Z  INFO get_files:scan_sources: tailwindcss_oxide::scanner: Discovering "G:\\GitHub\\lotes-en-taganga\\app\\components"
2025-11-24T19:56:04.399339Z  INFO get_files:scan_sources: tailwindcss_oxide::scanner: Discovering "G:\\GitHub\\lotes-en-taganga\\public"
2025-11-24T19:56:04.399572Z  INFO get_files:scan_sources: tailwindcss_oxide::scanner: Discovering "G:\\GitHub\\lotes-en-taganga\\public\\images"
2025-11-24T19:56:04.400024Z  INFO get_files:scan_sources: tailwindcss_oxide::scanner: exit
2025-11-24T19:56:04.400214Z  INFO get_files: tailwindcss_oxide::scanner: exit
2025-11-24T19:56:04.400492Z  INFO get_globs: tailwindcss_oxide::scanner: enter
2025-11-24T19:56:04.400503Z  INFO get_globs: tailwindcss_oxide::scanner: exit
2025-11-24T19:56:08.794182Z  INFO scan_sources: tailwindcss_oxide::scanner: enter
2025-11-24T19:56:08.795479Z  INFO scan_sources: tailwindcss_oxide::scanner: Discovering "G:\\GitHub\\lotes-en-taganga\\app"
2025-11-24T19:56:08.795650Z  INFO scan_sources: tailwindcss_oxide::scanner: Discovering "G:\\GitHub\\lotes-en-taganga\\app\\components"
2025-11-24T19:56:08.795916Z  INFO scan_sources: tailwindcss_oxide::scanner: Discovering "G:\\GitHub\\lotes-en-taganga\\app\\components\\Maps.tsx"
2025-11-24T19:56:08.796560Z  INFO scan_sources: tailwindcss_oxide::scanner: Discovering "G:\\GitHub\\lotes-en-taganga\\public"
2025-11-24T19:56:08.796785Z  INFO scan_sources: tailwindcss_oxide::scanner: Discovering "G:\\GitHub\\lotes-en-taganga\\public\\images"
2025-11-24T19:56:08.797176Z  INFO scan_sources: tailwindcss_oxide::scanner: exit
2025-11-24T19:56:08.797186Z  INFO extract_candidates: tailwindcss_oxide::scanner: enter
2025-11-24T19:56:08.797191Z  INFO extract_candidates:read_all_files: tailwindcss_oxide::scanner: enter
2025-11-24T19:56:08.797194Z  INFO extract_candidates:read_all_files: tailwindcss_oxide::scanner: Reading 1 file(s)
2025-11-24T19:56:08.797258Z  INFO extract_candidates:read_all_files: tailwindcss_oxide::scanner: Reading "G:\\GitHub\\lotes-en-taganga\\app\\components\\Maps.tsx"
2025-11-24T19:56:08.797269Z  INFO extract_candidates:read_all_files: tailwindcss_oxide::scanner: exit
2025-11-24T19:56:08.797273Z  INFO extract_candidates:parse_all_blobs: tailwindcss_oxide::scanner: enter
2025-11-24T19:56:08.797277Z  INFO extract_candidates:parse_all_blobs:extract: tailwindcss_oxide::scanner: enter
2025-11-24T19:56:08.797455Z  INFO extract_candidates:parse_all_blobs:extract: tailwindcss_oxide::scanner: exit
2025-11-24T19:56:08.797463Z  INFO extract_candidates:parse_all_blobs: tailwindcss_oxide::scanner: exit
2025-11-24T19:56:08.798019Z  INFO extract_candidates: tailwindcss_oxide::scanner: exit
2025-11-24T19:56:08.798270Z  INFO get_files: tailwindcss_oxide::scanner: enter
2025-11-24T19:56:08.798277Z  INFO get_files:scan_sources: tailwindcss_oxide::scanner: enter
2025-11-24T19:56:08.799398Z  INFO get_files:scan_sources: tailwindcss_oxide::scanner: Discovering "G:\\GitHub\\lotes-en-taganga\\app"
2025-11-24T19:56:08.799556Z  INFO get_files:scan_sources: tailwindcss_oxide::scanner: Discovering "G:\\GitHub\\lotes-en-taganga\\app\\components"
2025-11-24T19:56:08.800376Z  INFO get_files:scan_sources: tailwindcss_oxide::scanner: Discovering "G:\\GitHub\\lotes-en-taganga\\public"
2025-11-24T19:56:08.800586Z  INFO get_files:scan_sources: tailwindcss_oxide::scanner: Discovering "G:\\GitHub\\lotes-en-taganga\\public\\images"
2025-11-24T19:56:08.800955Z  INFO get_files:scan_sources: tailwindcss_oxide::scanner: exit
2025-11-24T19:56:08.801044Z  INFO get_files: tailwindcss_oxide::scanner: exit
2025-11-24T19:56:08.801144Z  INFO get_globs: tailwindcss_oxide::scanner: enter
2025-11-24T19:56:08.801151Z  INFO get_globs: tailwindcss_oxide::scanner: exit
2025-11-24T19:56:21.927638Z  INFO scan_sources: tailwindcss_oxide::scanner: enter
2025-11-24T19:56:21.929742Z  INFO scan_sources: tailwindcss_oxide::scanner: Discovering "G:\\GitHub\\lotes-en-taganga\\app"
2025-11-24T19:56:21.929952Z  INFO scan_sources: tailwindcss_oxide::scanner: Discovering "G:\\GitHub\\lotes-en-taganga\\app\\components"
2025-11-24T19:56:21.930532Z  INFO scan_sources: tailwindcss_oxide::scanner: Discovering "G:\\GitHub\\lotes-en-taganga\\app\\page.tsx"
2025-11-24T19:56:21.930937Z  INFO scan_sources: tailwindcss_oxide::scanner: Discovering "G:\\GitHub\\lotes-en-taganga\\public"
2025-11-24T19:56:21.931161Z  INFO scan_sources: tailwindcss_oxide::scanner: Discovering "G:\\GitHub\\lotes-en-taganga\\public\\images"
2025-11-24T19:56:21.931582Z  INFO scan_sources: tailwindcss_oxide::scanner: exit
2025-11-24T19:56:21.931593Z  INFO extract_candidates: tailwindcss_oxide::scanner: enter
2025-11-24T19:56:21.931598Z  INFO extract_candidates:read_all_files: tailwindcss_oxide::scanner: enter
2025-11-24T19:56:21.931601Z  INFO extract_candidates:read_all_files: tailwindcss_oxide::scanner: Reading 1 file(s)
2025-11-24T19:56:21.931717Z  INFO extract_candidates:read_all_files: tailwindcss_oxide::scanner: Reading "G:\\GitHub\\lotes-en-taganga\\app\\page.tsx"
2025-11-24T19:56:21.931727Z  INFO extract_candidates:read_all_files: tailwindcss_oxide::scanner: exit
2025-11-24T19:56:21.931732Z  INFO extract_candidates:parse_all_blobs: tailwindcss_oxide::scanner: enter
2025-11-24T19:56:21.931736Z  INFO extract_candidates:parse_all_blobs:extract: tailwindcss_oxide::scanner: enter
2025-11-24T19:56:21.931840Z  INFO extract_candidates:parse_all_blobs:extract: tailwindcss_oxide::scanner: exit
2025-11-24T19:56:21.931855Z  INFO extract_candidates:parse_all_blobs: tailwindcss_oxide::scanner: exit
2025-11-24T19:56:21.931927Z  INFO extract_candidates: tailwindcss_oxide::scanner: exit
2025-11-24T19:56:21.932166Z  INFO get_files: tailwindcss_oxide::scanner: enter
2025-11-24T19:56:21.932173Z  INFO get_files:scan_sources: tailwindcss_oxide::scanner: enter
2025-11-24T19:56:21.933266Z  INFO get_files:scan_sources: tailwindcss_oxide::scanner: Discovering "G:\\GitHub\\lotes-en-taganga\\app"
2025-11-24T19:56:21.933424Z  INFO get_files:scan_sources: tailwindcss_oxide::scanner: Discovering "G:\\GitHub\\lotes-en-taganga\\app\\components"
2025-11-24T19:56:21.934287Z  INFO get_files:scan_sources: tailwindcss_oxide::scanner: Discovering "G:\\GitHub\\lotes-en-taganga\\public"
2025-11-24T19:56:21.934505Z  INFO get_files:scan_sources: tailwindcss_oxide::scanner: Discovering "G:\\GitHub\\lotes-en-taganga\\public\\images"
2025-11-24T19:56:21.934898Z  INFO get_files:scan_sources: tailwindcss_oxide::scanner: exit
2025-11-24T19:56:21.935034Z  INFO get_files: tailwindcss_oxide::scanner: exit
2025-11-24T19:56:21.935192Z  INFO get_globs: tailwindcss_oxide::scanner: enter
2025-11-24T19:56:21.935205Z  INFO get_globs: tailwindcss_oxide::scanner: exit
2025-11-24T19:56:25.319505Z  INFO scan_sources: tailwindcss_oxide::scanner: enter
2025-11-24T19:56:25.320812Z  INFO scan_sources: tailwindcss_oxide::scanner: Discovering "G:\\GitHub\\lotes-en-taganga\\app"
2025-11-24T19:56:25.320984Z  INFO scan_sources: tailwindcss_oxide::scanner: Discovering "G:\\GitHub\\lotes-en-taganga\\app\\components"
2025-11-24T19:56:25.321490Z  INFO scan_sources: tailwindcss_oxide::scanner: Discovering "G:\\GitHub\\lotes-en-taganga\\app\\page.tsx"
2025-11-24T19:56:25.321881Z  INFO scan_sources: tailwindcss_oxide::scanner: Discovering "G:\\GitHub\\lotes-en-taganga\\public"
2025-11-24T19:56:25.322103Z  INFO scan_sources: tailwindcss_oxide::scanner: Discovering "G:\\GitHub\\lotes-en-taganga\\public\\images"
2025-11-24T19:56:25.322555Z  INFO scan_sources: tailwindcss_oxide::scanner: exit
2025-11-24T19:56:25.322566Z  INFO extract_candidates: tailwindcss_oxide::scanner: enter
2025-11-24T19:56:25.322571Z  INFO extract_candidates:read_all_files: tailwindcss_oxide::scanner: enter
2025-11-24T19:56:25.322574Z  INFO extract_candidates:read_all_files: tailwindcss_oxide::scanner: Reading 1 file(s)
2025-11-24T19:56:25.322640Z  INFO extract_candidates:read_all_files: tailwindcss_oxide::scanner: Reading "G:\\GitHub\\lotes-en-taganga\\app\\page.tsx"
2025-11-24T19:56:25.322650Z  INFO extract_candidates:read_all_files: tailwindcss_oxide::scanner: exit
2025-11-24T19:56:25.322654Z  INFO extract_candidates:parse_all_blobs: tailwindcss_oxide::scanner: enter
2025-11-24T19:56:25.322657Z  INFO extract_candidates:parse_all_blobs:extract: tailwindcss_oxide::scanner: enter
2025-11-24T19:56:25.322792Z  INFO extract_candidates:parse_all_blobs:extract: tailwindcss_oxide::scanner: exit
2025-11-24T19:56:25.322800Z  INFO extract_candidates:parse_all_blobs: tailwindcss_oxide::scanner: exit
2025-11-24T19:56:25.322857Z  INFO extract_candidates: tailwindcss_oxide::scanner: exit
2025-11-24T19:56:25.323131Z  INFO get_files: tailwindcss_oxide::scanner: enter
2025-11-24T19:56:25.323138Z  INFO get_files:scan_sources: tailwindcss_oxide::scanner: enter
2025-11-24T19:56:25.324210Z  INFO get_files:scan_sources: tailwindcss_oxide::scanner: Discovering "G:\\GitHub\\lotes-en-taganga\\app"
2025-11-24T19:56:25.324374Z  INFO get_files:scan_sources: tailwindcss_oxide::scanner: Discovering "G:\\GitHub\\lotes-en-taganga\\app\\components"
2025-11-24T19:56:25.325221Z  INFO get_files:scan_sources: tailwindcss_oxide::scanner: Discovering "G:\\GitHub\\lotes-en-taganga\\public"
2025-11-24T19:56:25.325436Z  INFO get_files:scan_sources: tailwindcss_oxide::scanner: Discovering "G:\\GitHub\\lotes-en-taganga\\public\\images"
2025-11-24T19:56:25.325810Z  INFO get_files:scan_sources: tailwindcss_oxide::scanner: exit
2025-11-24T19:56:25.325928Z  INFO get_files: tailwindcss_oxide::scanner: exit
2025-11-24T19:56:25.326053Z  INFO get_globs: tailwindcss_oxide::scanner: enter
2025-11-24T19:56:25.326060Z  INFO get_globs: tailwindcss_oxide::scanner: exit
2025-11-24T19:58:42.731152Z  INFO scan_sources: tailwindcss_oxide::scanner: enter
2025-11-24T19:58:42.732798Z  INFO scan_sources: tailwindcss_oxide::scanner: Discovering "G:\\GitHub\\lotes-en-taganga\\app"
2025-11-24T19:58:42.733011Z  INFO scan_sources: tailwindcss_oxide::scanner: Discovering "G:\\GitHub\\lotes-en-taganga\\app\\components"
2025-11-24T19:58:42.733376Z  INFO scan_sources: tailwindcss_oxide::scanner: Discovering "G:\\GitHub\\lotes-en-taganga\\app\\components\\Maps.tsx"
2025-11-24T19:58:42.734325Z  INFO scan_sources: tailwindcss_oxide::scanner: Discovering "G:\\GitHub\\lotes-en-taganga\\public"
2025-11-24T19:58:42.734644Z  INFO scan_sources: tailwindcss_oxide::scanner: Discovering "G:\\GitHub\\lotes-en-taganga\\public\\images"
2025-11-24T19:58:42.735233Z  INFO scan_sources: tailwindcss_oxide::scanner: exit
2025-11-24T19:58:42.735246Z  INFO extract_candidates: tailwindcss_oxide::scanner: enter
2025-11-24T19:58:42.735253Z  INFO extract_candidates:read_all_files: tailwindcss_oxide::scanner: enter
2025-11-24T19:58:42.735257Z  INFO extract_candidates:read_all_files: tailwindcss_oxide::scanner: Reading 1 file(s)
2025-11-24T19:58:42.735343Z  INFO extract_candidates:read_all_files: tailwindcss_oxide::scanner: Reading "G:\\GitHub\\lotes-en-taganga\\app\\components\\Maps.tsx"
2025-11-24T19:58:42.735353Z  INFO extract_candidates:read_all_files: tailwindcss_oxide::scanner: exit
2025-11-24T19:58:42.735359Z  INFO extract_candidates:parse_all_blobs: tailwindcss_oxide::scanner: enter
2025-11-24T19:58:42.735364Z  INFO extract_candidates:parse_all_blobs:extract: tailwindcss_oxide::scanner: enter
2025-11-24T19:58:42.736022Z  INFO extract_candidates:parse_all_blobs:extract: tailwindcss_oxide::scanner: exit
2025-11-24T19:58:42.736035Z  INFO extract_candidates:parse_all_blobs: tailwindcss_oxide::scanner: exit
2025-11-24T19:58:42.736101Z  INFO extract_candidates: tailwindcss_oxide::scanner: exit
2025-11-24T19:58:42.736509Z  INFO get_files: tailwindcss_oxide::scanner: enter
2025-11-24T19:58:42.736520Z  INFO get_files:scan_sources: tailwindcss_oxide::scanner: enter
2025-11-24T19:58:42.737870Z  INFO get_files:scan_sources: tailwindcss_oxide::scanner: Discovering "G:\\GitHub\\lotes-en-taganga\\app"
2025-11-24T19:58:42.738036Z  INFO get_files:scan_sources: tailwindcss_oxide::scanner: Discovering "G:\\GitHub\\lotes-en-taganga\\app\\components"
2025-11-24T19:58:42.738898Z  INFO get_files:scan_sources: tailwindcss_oxide::scanner: Discovering "G:\\GitHub\\lotes-en-taganga\\public"
2025-11-24T19:58:42.739121Z  INFO get_files:scan_sources: tailwindcss_oxide::scanner: Discovering "G:\\GitHub\\lotes-en-taganga\\public\\images"
2025-11-24T19:58:42.739892Z  INFO get_files:scan_sources: tailwindcss_oxide::scanner: exit
2025-11-24T19:58:42.740007Z  INFO get_files: tailwindcss_oxide::scanner: exit
2025-11-24T19:58:42.740165Z  INFO get_globs: tailwindcss_oxide::scanner: enter
2025-11-24T19:58:42.740174Z  INFO get_globs: tailwindcss_oxide::scanner: exit
